Squad,Week,Home,Away,Player,Time
Bournemouth,1,Bournemouth,Sheffield Utd,Chris Mepham,62
Sheffield Utd,1,Bournemouth,Sheffield Utd,Billy Sharp,88
Burnley,1,Burnley,Southampton,Ashley Barnes,63
Burnley,1,Burnley,Southampton,Ashley Barnes,70
Burnley,1,Burnley,Southampton,Jóhann Berg Guðmundsson,75
Liverpool,1,Liverpool,Norwich City,Grant Hanley (OG),7
Liverpool,1,Liverpool,Norwich City,Mohamed Salah,19
Liverpool,1,Liverpool,Norwich City,Virgil van Dijk,28
Liverpool,1,Liverpool,Norwich City,Divock Origi,42
Norwich City,1,Liverpool,Norwich City,Teemu Pukki,64
Manchester Utd,1,Manchester Utd,Chelsea,Marcus Rashford (P),18
Manchester Utd,1,Manchester Utd,Chelsea,Anthony Martial,65
Manchester Utd,1,Manchester Utd,Chelsea,Marcus Rashford,67
Manchester Utd,1,Manchester Utd,Chelsea,Daniel James,81
Arsenal,1,Newcastle Utd,Arsenal,Pierre-Emerick Aubameyang,58
Tottenham,1,Tottenham,Aston Villa,Tanguy Ndombele,73
Tottenham,1,Tottenham,Aston Villa,Harry Kane,86
Tottenham,1,Tottenham,Aston Villa,Harry Kane,90
Aston Villa,1,Tottenham,Aston Villa,John McGinn,9
Brighton,1,Watford,Brighton,Abdoulaye Doucouré (OG),28
Brighton,1,Watford,Brighton,Florin Andone,65
Brighton,1,Watford,Brighton,Neal Maupay,77
Manchester City,1,West Ham,Manchester City,Gabriel Jesus,25
Manchester City,1,West Ham,Manchester City,Raheem Sterling,51
Manchester City,1,West Ham,Manchester City,Raheem Sterling,75
Manchester City,1,West Ham,Manchester City,Sergio Agüero (P),86
Manchester City,1,West Ham,Manchester City,Raheem Sterling,90+1
Arsenal,2,Arsenal,Burnley,Alexandre Lacazette,13
Arsenal,2,Arsenal,Burnley,Pierre-Emerick Aubameyang,64
Burnley,2,Arsenal,Burnley,Ashley Barnes,43
Aston Villa,2,Aston Villa,Bournemouth,Douglas Luiz,71
Bournemouth,2,Aston Villa,Bournemouth,Joshua King (P),2
Bournemouth,2,Aston Villa,Bournemouth,Harry Wilson,12
Brighton,2,Brighton,West Ham,Leandro Trossard,65
West Ham,2,Brighton,West Ham,Javier Hernández,61
Chelsea,2,Chelsea,Leicester City,Mason Mount,7
Leicester City,2,Chelsea,Leicester City,Wilfred Ndidi,67
Everton,2,Everton,Watford,Bernard,10
Manchester City,2,Manchester City,Tottenham,Raheem Sterling,20
Manchester City,2,Manchester City,Tottenham,Sergio Agüero,35
Tottenham,2,Manchester City,Tottenham,Érik Lamela,23
Tottenham,2,Manchester City,Tottenham,Lucas Moura,56
Norwich City,2,Norwich City,Newcastle Utd,Teemu Pukki,32
Norwich City,2,Norwich City,Newcastle Utd,Teemu Pukki,63
Norwich City,2,Norwich City,Newcastle Utd,Teemu Pukki,75
Newcastle Utd,2,Norwich City,Newcastle Utd,Jonjo Shelvey,90+3
Sheffield Utd,2,Sheffield Utd,Crystal Palace,John Lundstram,47
Southampton,2,Southampton,Liverpool,Danny Ings,83
Liverpool,2,Southampton,Liverpool,Sadio Mané,45+1
Liverpool,2,Southampton,Liverpool,Roberto Firmino,71
Wolves,2,Wolves,Manchester Utd,Rúben Neves,55
Manchester Utd,2,Wolves,Manchester Utd,Anthony Martial,27
Aston Villa,3,Aston Villa,Everton,Wesley Moraes,21
Aston Villa,3,Aston Villa,Everton,Anwar El Ghazi,90+5
Bournemouth,3,Bournemouth,Manchester City,Harry Wilson,45+3
Manchester City,3,Bournemouth,Manchester City,Sergio Agüero,15
Manchester City,3,Bournemouth,Manchester City,Raheem Sterling,43
Manchester City,3,Bournemouth,Manchester City,Sergio Agüero,64
Southampton,3,Brighton,Southampton,Moussa Djenepo,55
Southampton,3,Brighton,Southampton,Nathan Redmond,90+1
Liverpool,3,Liverpool,Arsenal,Joël Matip,41
Liverpool,3,Liverpool,Arsenal,Mohamed Salah (P),49
Liverpool,3,Liverpool,Arsenal,Mohamed Salah,58
Arsenal,3,Liverpool,Arsenal,Lucas Torreira,85
Manchester Utd,3,Manchester Utd,Crystal Palace,Daniel James,89
Crystal Palace,3,Manchester Utd,Crystal Palace,Jordan Ayew,32
Crystal Palace,3,Manchester Utd,Crystal Palace,Patrick van Aanholt,90+3
Norwich City,3,Norwich City,Chelsea,Todd Cantwell,6
Norwich City,3,Norwich City,Chelsea,Teemu Pukki,30
Chelsea,3,Norwich City,Chelsea,Tammy Abraham,3
Chelsea,3,Norwich City,Chelsea,Mason Mount,17
Chelsea,3,Norwich City,Chelsea,Tammy Abraham,68
Sheffield Utd,3,Sheffield Utd,Leicester City,Oliver McBurnie,62
Leicester City,3,Sheffield Utd,Leicester City,Jamie Vardy,38
Leicester City,3,Sheffield Utd,Leicester City,Harvey Barnes,70
Newcastle Utd,3,Tottenham,Newcastle Utd,Joelinton,27
Watford,3,Watford,West Ham,Andre Gray,17
West Ham,3,Watford,West Ham,Mark Noble (P),3
West Ham,3,Watford,West Ham,Sébastien Haller,64
West Ham,3,Watford,West Ham,Sébastien Haller,73
Wolves,3,Wolves,Burnley,Raúl Jiménez (P),90+7
Burnley,3,Wolves,Burnley,Ashley Barnes,13
Arsenal,4,Arsenal,Tottenham,Alexandre Lacazette,45+1
Arsenal,4,Arsenal,Tottenham,Pierre-Emerick Aubameyang,71
Tottenham,4,Arsenal,Tottenham,Christian Eriksen,10
Tottenham,4,Arsenal,Tottenham,Harry Kane (P),40
Liverpool,4,Burnley,Liverpool,Chris Wood (OG),33
Liverpool,4,Burnley,Liverpool,Sadio Mané,37
Liverpool,4,Burnley,Liverpool,Roberto Firmino,80
Chelsea,4,Chelsea,Sheffield Utd,Tammy Abraham,19
Chelsea,4,Chelsea,Sheffield Utd,Tammy Abraham,43
Sheffield Utd,4,Chelsea,Sheffield Utd,Callum Robinson,46
Sheffield Utd,4,Chelsea,Sheffield Utd,Kurt Zouma (OG),89
Crystal Palace,4,Crystal Palace,Aston Villa,Jordan Ayew,73
Everton,4,Everton,Wolves,Richarlison,5
Everton,4,Everton,Wolves,Alex Iwobi,12
Everton,4,Everton,Wolves,Richarlison,80
Wolves,4,Everton,Wolves,Romain Saïss,9
Wolves,4,Everton,Wolves,Raúl Jiménez,75
Leicester City,4,Leicester City,Bournemouth,Jamie Vardy,12
Leicester City,4,Leicester City,Bournemouth,Youri Tielemans,41
Leicester City,4,Leicester City,Bournemouth,Jamie Vardy,73
Bournemouth,4,Leicester City,Bournemouth,Callum Wilson,15
Manchester City,4,Manchester City,Brighton,Kevin De Bruyne,2
Manchester City,4,Manchester City,Brighton,Sergio Agüero,42
Manchester City,4,Manchester City,Brighton,Sergio Agüero,55
Manchester City,4,Manchester City,Brighton,Bernardo Silva,79
Newcastle Utd,4,Newcastle Utd,Watford,Fabian Schär,41
Watford,4,Newcastle Utd,Watford,Will Hughes,2
Southampton,4,Southampton,Manchester Utd,Jannik Vestergaard,58
Manchester Utd,4,Southampton,Manchester Utd,Daniel James,10
West Ham,4,West Ham,Norwich City,Sébastien Haller,24
West Ham,4,West Ham,Norwich City,Andriy Yarmolenko,56
Bournemouth,5,Bournemouth,Everton,Callum Wilson,23
Bournemouth,5,Bournemouth,Everton,Ryan Fraser,67
Bournemouth,5,Bournemouth,Everton,Callum Wilson,72
Everton,5,Bournemouth,Everton,Dominic Calvert-Lewin,44
Brighton,5,Brighton,Burnley,Neal Maupay,51
Burnley,5,Brighton,Burnley,Jeff Hendrick,90+1
Liverpool,5,Liverpool,Newcastle Utd,Sadio Mané,28
Liverpool,5,Liverpool,Newcastle Utd,Sadio Mané,40
Liverpool,5,Liverpool,Newcastle Utd,Mohamed Salah,72
Newcastle Utd,5,Liverpool,Newcastle Utd,Jetro Willems,7
Manchester Utd,5,Manchester Utd,Leicester City,Marcus Rashford (P),8
Norwich City,5,Norwich City,Manchester City,Kenny McLean,18
Norwich City,5,Norwich City,Manchester City,Todd Cantwell,28
Norwich City,5,Norwich City,Manchester City,Teemu Pukki,50
Manchester City,5,Norwich City,Manchester City,Sergio Agüero,45
Manchester City,5,Norwich City,Manchester City,Rodri,88
Southampton,5,Sheffield Utd,Southampton,Moussa Djenepo,66
Tottenham,5,Tottenham,Crystal Palace,Son Heung-min,10
Tottenham,5,Tottenham,Crystal Palace,Patrick van Aanholt (OG),21
Tottenham,5,Tottenham,Crystal Palace,Son Heung-min,23
Tottenham,5,Tottenham,Crystal Palace,Érik Lamela,42
Watford,5,Watford,Arsenal,Tom Cleverley,53
Watford,5,Watford,Arsenal,Roberto Pereyra (P),81
Arsenal,5,Watford,Arsenal,Pierre-Emerick Aubameyang,21
Arsenal,5,Watford,Arsenal,Pierre-Emerick Aubameyang,32
Wolves,5,Wolves,Chelsea,Tammy Abraham (OG),69
Wolves,5,Wolves,Chelsea,Patrick Cutrone,85
Chelsea,5,Wolves,Chelsea,Fikayo Tomori,31
Chelsea,5,Wolves,Chelsea,Tammy Abraham,34
Chelsea,5,Wolves,Chelsea,Tammy Abraham,41
Chelsea,5,Wolves,Chelsea,Tammy Abraham,55
Chelsea,5,Wolves,Chelsea,Mason Mount,90+6
Arsenal,6,Arsenal,Aston Villa,Nicolas Pépé (P),59
Arsenal,6,Arsenal,Aston Villa,Calum Chambers,81
Arsenal,6,Arsenal,Aston Villa,Pierre-Emerick Aubameyang,84
Aston Villa,6,Arsenal,Aston Villa,John McGinn,20
Aston Villa,6,Arsenal,Aston Villa,Wesley Moraes,60
Burnley,6,Burnley,Norwich City,Chris Wood,10
Burnley,6,Burnley,Norwich City,Chris Wood,14
Chelsea,6,Chelsea,Liverpool,N'Golo Kanté,71
Liverpool,6,Chelsea,Liverpool,Trent Alexander-Arnold,14
Liverpool,6,Chelsea,Liverpool,Roberto Firmino,30
Crystal Palace,6,Crystal Palace,Wolves,Leander Dendoncker (OG),46
Wolves,6,Crystal Palace,Wolves,Diogo Jota,90+5
Sheffield Utd,6,Everton,Sheffield Utd,Yerry Mina (OG),40
Sheffield Utd,6,Everton,Sheffield Utd,Lys Mousset,79
Leicester City,6,Leicester City,Tottenham,Ricardo Pereira,69
Leicester City,6,Leicester City,Tottenham,James Maddison,85
Tottenham,6,Leicester City,Tottenham,Harry Kane,29
Manchester City,6,Manchester City,Watford,David Silva,1
Manchester City,6,Manchester City,Watford,Sergio Agüero (P),7
Manchester City,6,Manchester City,Watford,Riyad Mahrez,12
Manchester City,6,Manchester City,Watford,Bernardo Silva,15
Manchester City,6,Manchester City,Watford,Nicolás Otamendi,18
Manchester City,6,Manchester City,Watford,Bernardo Silva,48
Manchester City,6,Manchester City,Watford,Bernardo Silva,60
Manchester City,6,Manchester City,Watford,Kevin De Bruyne,85
Southampton,6,Southampton,Bournemouth,James Ward-Prowse (P),53
Bournemouth,6,Southampton,Bournemouth,Nathan Aké,10
Bournemouth,6,Southampton,Bournemouth,Harry Wilson,35
Bournemouth,6,Southampton,Bournemouth,Callum Wilson,90+5
West Ham,6,West Ham,Manchester Utd,Andriy Yarmolenko,44
West Ham,6,West Ham,Manchester Utd,Aaron Cresswell,84
Aston Villa,7,Aston Villa,Burnley,Anwar El Ghazi,33
Aston Villa,7,Aston Villa,Burnley,John McGinn,79
Burnley,7,Aston Villa,Burnley,Jay Rodriguez,68
Burnley,7,Aston Villa,Burnley,Chris Wood,81
Bournemouth,7,Bournemouth,West Ham,Joshua King,17
Bournemouth,7,Bournemouth,West Ham,Callum Wilson,46
West Ham,7,Bournemouth,West Ham,Andriy Yarmolenko,10
West Ham,7,Bournemouth,West Ham,Aaron Cresswell,74
Chelsea,7,Chelsea,Brighton,Jorginho (P),50
Chelsea,7,Chelsea,Brighton,Willian,76
Crystal Palace,7,Crystal Palace,Norwich City,Luka Milivojević (P),21
Crystal Palace,7,Crystal Palace,Norwich City,Andros Townsend,90+2
Everton,7,Everton,Manchester City,Dominic Calvert-Lewin,33
Manchester City,7,Everton,Manchester City,Gabriel Jesus,24
Manchester City,7,Everton,Manchester City,Riyad Mahrez,71
Manchester City,7,Everton,Manchester City,Raheem Sterling,84
Leicester City,7,Leicester City,Newcastle Utd,Ricardo Pereira,16
Leicester City,7,Leicester City,Newcastle Utd,Jamie Vardy,54
Leicester City,7,Leicester City,Newcastle Utd,Paul Dummett (OG),57
Leicester City,7,Leicester City,Newcastle Utd,Jamie Vardy,64
Leicester City,7,Leicester City,Newcastle Utd,Wilfred Ndidi,90
Manchester Utd,7,Manchester Utd,Arsenal,Scott McTominay,45
Arsenal,7,Manchester Utd,Arsenal,Pierre-Emerick Aubameyang,58
Liverpool,7,Sheffield Utd,Liverpool,Georginio Wijnaldum,70
Tottenham,7,Tottenham,Southampton,Tanguy Ndombele,24
Tottenham,7,Tottenham,Southampton,Harry Kane,43
Southampton,7,Tottenham,Southampton,Danny Ings,39
Wolves,7,Wolves,Watford,Matt Doherty,18
Wolves,7,Wolves,Watford,Daryl Janmaat (OG),61
Arsenal,8,Arsenal,Bournemouth,David Luiz,9
Brighton,8,Brighton,Tottenham,Neal Maupay,3
Brighton,8,Brighton,Tottenham,Aaron Connolly,32
Brighton,8,Brighton,Tottenham,Aaron Connolly,65
Burnley,8,Burnley,Everton,Jeff Hendrick,72
Liverpool,8,Liverpool,Leicester City,Sadio Mané,40
Liverpool,8,Liverpool,Leicester City,James Milner (P),90+5
Leicester City,8,Liverpool,Leicester City,James Maddison,80
Wolves,8,Manchester City,Wolves,Adama Traoré,80
Wolves,8,Manchester City,Wolves,Adama Traoré,90+4
Newcastle Utd,8,Newcastle Utd,Manchester Utd,Matthew Longstaff,72
Norwich City,8,Norwich City,Aston Villa,Josip Drmić,87
Aston Villa,8,Norwich City,Aston Villa,Wesley Moraes,14
Aston Villa,8,Norwich City,Aston Villa,Wesley Moraes,30
Aston Villa,8,Norwich City,Aston Villa,Jack Grealish,49
Aston Villa,8,Norwich City,Aston Villa,Conor Hourihane,61
Aston Villa,8,Norwich City,Aston Villa,Douglas Luiz,83
Southampton,8,Southampton,Chelsea,Danny Ings,30
Chelsea,8,Southampton,Chelsea,Tammy Abraham,17
Chelsea,8,Southampton,Chelsea,Mason Mount,24
Chelsea,8,Southampton,Chelsea,N'Golo Kanté,40
Chelsea,8,Southampton,Chelsea,Michy Batshuayi,89
West Ham,8,West Ham,Crystal Palace,Sébastien Haller,54
Crystal Palace,8,West Ham,Crystal Palace,Patrick van Aanholt (P),63
Crystal Palace,8,West Ham,Crystal Palace,Jordan Ayew,87
Aston Villa,9,Aston Villa,Brighton,Jack Grealish,45+2
Aston Villa,9,Aston Villa,Brighton,Matt Targett,90+4
Brighton,9,Aston Villa,Brighton,Adam Webster,21
Chelsea,9,Chelsea,Newcastle Utd,Marcos Alonso,73
Manchester City,9,Crystal Palace,Manchester City,Gabriel Jesus,39
Manchester City,9,Crystal Palace,Manchester City,David Silva,41
Everton,9,Everton,West Ham,Bernard,17
Everton,9,Everton,West Ham,Gylfi Sigurðsson,90+2
Leicester City,9,Leicester City,Burnley,Jamie Vardy,45
Leicester City,9,Leicester City,Burnley,Youri Tielemans,74
Burnley,9,Leicester City,Burnley,Chris Wood,26
Manchester Utd,9,Manchester Utd,Liverpool,Marcus Rashford,36
Liverpool,9,Manchester Utd,Liverpool,Adam Lallana,85
Sheffield Utd,9,Sheffield Utd,Arsenal,Lys Mousset,30
Tottenham,9,Tottenham,Watford,Dele Alli,86
Watford,9,Tottenham,Watford,Abdoulaye Doucouré,6
Wolves,9,Wolves,Southampton,Raúl Jiménez (P),61
Southampton,9,Wolves,Southampton,Danny Ings,53
Arsenal,10,Arsenal,Crystal Palace,Sokratis Papastathopoulos,7
Arsenal,10,Arsenal,Crystal Palace,David Luiz,9
Crystal Palace,10,Arsenal,Crystal Palace,Luka Milivojević (P),32
Crystal Palace,10,Arsenal,Crystal Palace,Jordan Ayew,52
Brighton,10,Brighton,Everton,Pascal Groß,15
Brighton,10,Brighton,Everton,Neal Maupay (P),80
Brighton,10,Brighton,Everton,Lucas Digne (OG),90+4
Everton,10,Brighton,Everton,Adam Webster (OG),20
Everton,10,Brighton,Everton,Dominic Calvert-Lewin,74
Burnley,10,Burnley,Chelsea,Jay Rodriguez,86
Burnley,10,Burnley,Chelsea,Dwight McNeil,89
Chelsea,10,Burnley,Chelsea,Christian Pulisic,21
Chelsea,10,Burnley,Chelsea,Christian Pulisic,45
Chelsea,10,Burnley,Chelsea,Christian Pulisic,56
Chelsea,10,Burnley,Chelsea,Willian,58
Liverpool,10,Liverpool,Tottenham,Jordan Henderson,52
Liverpool,10,Liverpool,Tottenham,Mohamed Salah (P),75
Tottenham,10,Liverpool,Tottenham,Harry Kane,1
Manchester City,10,Manchester City,Aston Villa,Raheem Sterling,46
Manchester City,10,Manchester City,Aston Villa,David Silva,65
Manchester City,10,Manchester City,Aston Villa,İlkay Gündoğan,70
Newcastle Utd,10,Newcastle Utd,Wolves,Jamaal Lascelles,37
Wolves,10,Newcastle Utd,Wolves,Jonny Castro,73
Norwich City,10,Norwich City,Manchester Utd,Onel Hernández,88
Manchester Utd,10,Norwich City,Manchester Utd,Scott McTominay,21
Manchester Utd,10,Norwich City,Manchester Utd,Marcus Rashford,30
Manchester Utd,10,Norwich City,Manchester Utd,Anthony Martial,73
Leicester City,10,Southampton,Leicester City,Ben Chilwell,10
Leicester City,10,Southampton,Leicester City,Youri Tielemans,17
Leicester City,10,Southampton,Leicester City,Ayoze Pérez,19
Leicester City,10,Southampton,Leicester City,Ayoze Pérez,39
Leicester City,10,Southampton,Leicester City,Jamie Vardy,45
Leicester City,10,Southampton,Leicester City,Ayoze Pérez,57
Leicester City,10,Southampton,Leicester City,Jamie Vardy,58
Leicester City,10,Southampton,Leicester City,James Maddison,85
Leicester City,10,Southampton,Leicester City,Jamie Vardy (P),90+4
West Ham,10,West Ham,Sheffield Utd,Robert Snodgrass,44
Sheffield Utd,10,West Ham,Sheffield Utd,Lys Mousset,69
Arsenal,11,Arsenal,Wolves,Pierre-Emerick Aubameyang,21
Wolves,11,Arsenal,Wolves,Raúl Jiménez,76
Aston Villa,11,Aston Villa,Liverpool,Trézéguet,21
Liverpool,11,Aston Villa,Liverpool,Andrew Robertson,87
Liverpool,11,Aston Villa,Liverpool,Sadio Mané,90+4
Bournemouth,11,Bournemouth,Manchester Utd,Joshua King,45
Brighton,11,Brighton,Norwich City,Leandro Trossard,68
Brighton,11,Brighton,Norwich City,Shane Duffy,84
Leicester City,11,Crystal Palace,Leicester City,Çağlar Söyüncü,57
Leicester City,11,Crystal Palace,Leicester City,Jamie Vardy,88
Everton,11,Everton,Tottenham,Cenk Tosun,90+7
Tottenham,11,Everton,Tottenham,Dele Alli,63
Manchester City,11,Manchester City,Southampton,Sergio Agüero,70
Manchester City,11,Manchester City,Southampton,Kyle Walker,86
Southampton,11,Manchester City,Southampton,James Ward-Prowse,13
Sheffield Utd,11,Sheffield Utd,Burnley,John Lundstram,17
Sheffield Utd,11,Sheffield Utd,Burnley,John Lundstram,43
Sheffield Utd,11,Sheffield Utd,Burnley,John Fleck,44
Watford,11,Watford,Chelsea,Gerard Deulofeu (P),80
Chelsea,11,Watford,Chelsea,Tammy Abraham,5
Chelsea,11,Watford,Chelsea,Christian Pulisic,55
West Ham,11,West Ham,Newcastle Utd,Fabián Balbuena,73
West Ham,11,West Ham,Newcastle Utd,Robert Snodgrass,90
Newcastle Utd,11,West Ham,Newcastle Utd,Ciaran Clark,16
Newcastle Utd,11,West Ham,Newcastle Utd,Federico Fernández,22
Newcastle Utd,11,West Ham,Newcastle Utd,Jonjo Shelvey,51
Burnley,12,Burnley,West Ham,Ashley Barnes,11
Burnley,12,Burnley,West Ham,Chris Wood,44
Burnley,12,Burnley,West Ham,Roberto (OG),54
Chelsea,12,Chelsea,Crystal Palace,Tammy Abraham,52
Chelsea,12,Chelsea,Crystal Palace,Christian Pulisic,79
Leicester City,12,Leicester City,Arsenal,Jamie Vardy,68
Leicester City,12,Leicester City,Arsenal,James Maddison,75
Liverpool,12,Liverpool,Manchester City,Fabinho,6
Liverpool,12,Liverpool,Manchester City,Mohamed Salah,13
Liverpool,12,Liverpool,Manchester City,Sadio Mané,51
Manchester City,12,Liverpool,Manchester City,Bernardo Silva,78
Manchester Utd,12,Manchester Utd,Brighton,Andreas Pereira,17
Manchester Utd,12,Manchester Utd,Brighton,Scott McTominay,19
Manchester Utd,12,Manchester Utd,Brighton,Marcus Rashford,66
Brighton,12,Manchester Utd,Brighton,Lewis Dunk,64
Newcastle Utd,12,Newcastle Utd,Bournemouth,DeAndre Yedlin,42
Newcastle Utd,12,Newcastle Utd,Bournemouth,Ciaran Clark,52
Bournemouth,12,Newcastle Utd,Bournemouth,Harry Wilson,14
Watford,12,Norwich City,Watford,Gerard Deulofeu,2
Watford,12,Norwich City,Watford,Andre Gray,52
Southampton,12,Southampton,Everton,Danny Ings,50
Everton,12,Southampton,Everton,Tom Davies,4
Everton,12,Southampton,Everton,Richarlison,75
Tottenham,12,Tottenham,Sheffield Utd,Son Heung-min,58
Sheffield Utd,12,Tottenham,Sheffield Utd,George Baldock,78
Wolves,12,Wolves,Aston Villa,Rúben Neves,41
Wolves,12,Wolves,Aston Villa,Raúl Jiménez,84
Aston Villa,12,Wolves,Aston Villa,Trézéguet,90+2
Arsenal,13,Arsenal,Southampton,Alexandre Lacazette,18
Arsenal,13,Arsenal,Southampton,Alexandre Lacazette,90+6
Southampton,13,Arsenal,Southampton,Danny Ings,8
Southampton,13,Arsenal,Southampton,James Ward-Prowse,71
Aston Villa,13,Aston Villa,Newcastle Utd,Conor Hourihane,32
Aston Villa,13,Aston Villa,Newcastle Utd,Anwar El Ghazi,36
Bournemouth,13,Bournemouth,Wolves,Steve Cook,59
Wolves,13,Bournemouth,Wolves,João Moutinho,21
Wolves,13,Bournemouth,Wolves,Raúl Jiménez,31
Leicester City,13,Brighton,Leicester City,Ayoze Pérez,64
Leicester City,13,Brighton,Leicester City,Jamie Vardy (P),82
Crystal Palace,13,Crystal Palace,Liverpool,Wilfried Zaha,82
Liverpool,13,Crystal Palace,Liverpool,Sadio Mané,49
Liverpool,13,Crystal Palace,Liverpool,Roberto Firmino,85
Norwich City,13,Everton,Norwich City,Todd Cantwell,54
Norwich City,13,Everton,Norwich City,Dennis Srbeny,90+2
Manchester City,13,Manchester City,Chelsea,Kevin De Bruyne,29
Manchester City,13,Manchester City,Chelsea,Riyad Mahrez,37
Chelsea,13,Manchester City,Chelsea,N'Golo Kanté,21
Sheffield Utd,13,Sheffield Utd,Manchester Utd,John Fleck,19
Sheffield Utd,13,Sheffield Utd,Manchester Utd,Lys Mousset,52
Sheffield Utd,13,Sheffield Utd,Manchester Utd,Oliver McBurnie,90
Manchester Utd,13,Sheffield Utd,Manchester Utd,Brandon Williams,72
Manchester Utd,13,Sheffield Utd,Manchester Utd,Mason Greenwood,77
Manchester Utd,13,Sheffield Utd,Manchester Utd,Marcus Rashford,79
Burnley,13,Watford,Burnley,Chris Wood,53
Burnley,13,Watford,Burnley,Ashley Barnes (P),82
Burnley,13,Watford,Burnley,James Tarkowski,88
West Ham,13,West Ham,Tottenham,Michail Antonio,73
West Ham,13,West Ham,Tottenham,Angelo Ogbonna,90+6
Tottenham,13,West Ham,Tottenham,Son Heung-min,36
Tottenham,13,West Ham,Tottenham,Lucas Moura,43
Tottenham,13,West Ham,Tottenham,Harry Kane,49
Crystal Palace,14,Burnley,Crystal Palace,Wilfried Zaha,45+1
Crystal Palace,14,Burnley,Crystal Palace,Jeffrey Schlupp,78
West Ham,14,Chelsea,West Ham,Aaron Cresswell,48
Leicester City,14,Leicester City,Everton,Jamie Vardy,68
Leicester City,14,Leicester City,Everton,Kelechi Iheanacho,90+4
Everton,14,Leicester City,Everton,Richarlison,23
Liverpool,14,Liverpool,Brighton,Virgil van Dijk,18
Liverpool,14,Liverpool,Brighton,Virgil van Dijk,24
Brighton,14,Liverpool,Brighton,Lewis Dunk,79
Manchester Utd,14,Manchester Utd,Aston Villa,Tom Heaton (OG),42
Manchester Utd,14,Manchester Utd,Aston Villa,Victor Lindelöf,64
Aston Villa,14,Manchester Utd,Aston Villa,Jack Grealish,11
Aston Villa,14,Manchester Utd,Aston Villa,Tyrone Mings,66
Newcastle Utd,14,Newcastle Utd,Manchester City,Jetro Willems,25
Newcastle Utd,14,Newcastle Utd,Manchester City,Jonjo Shelvey,88
Manchester City,14,Newcastle Utd,Manchester City,Raheem Sterling,22
Manchester City,14,Newcastle Utd,Manchester City,Kevin De Bruyne,82
Norwich City,14,Norwich City,Arsenal,Teemu Pukki,21
Norwich City,14,Norwich City,Arsenal,Todd Cantwell,45+2
Arsenal,14,Norwich City,Arsenal,Pierre-Emerick Aubameyang (P),29
Arsenal,14,Norwich City,Arsenal,Pierre-Emerick Aubameyang,57
Southampton,14,Southampton,Watford,Danny Ings,78
Southampton,14,Southampton,Watford,James Ward-Prowse,83
Watford,14,Southampton,Watford,Ismaila Sarr,24
Tottenham,14,Tottenham,Bournemouth,Dele Alli,21
Tottenham,14,Tottenham,Bournemouth,Dele Alli,50
Tottenham,14,Tottenham,Bournemouth,Moussa Sissoko,69
Bournemouth,14,Tottenham,Bournemouth,Harry Wilson,73
Bournemouth,14,Tottenham,Bournemouth,Harry Wilson,90+6
Wolves,14,Wolves,Sheffield Utd,Matt Doherty,64
Sheffield Utd,14,Wolves,Sheffield Utd,Lys Mousset,2
Arsenal,15,Arsenal,Brighton,Alexandre Lacazette,50
Brighton,15,Arsenal,Brighton,Adam Webster,36
Brighton,15,Arsenal,Brighton,Neal Maupay,80
Burnley,15,Burnley,Manchester City,Robbie Brady,89
Manchester City,15,Burnley,Manchester City,Gabriel Jesus,24
Manchester City,15,Burnley,Manchester City,Gabriel Jesus,50
Manchester City,15,Burnley,Manchester City,Rodri,68
Manchester City,15,Burnley,Manchester City,Riyad Mahrez,87
Chelsea,15,Chelsea,Aston Villa,Tammy Abraham,24
Chelsea,15,Chelsea,Aston Villa,Mason Mount,48
Aston Villa,15,Chelsea,Aston Villa,Trézéguet,41
Crystal Palace,15,Crystal Palace,Bournemouth,Jeffrey Schlupp,76
Leicester City,15,Leicester City,Watford,Jamie Vardy (P),55
Leicester City,15,Leicester City,Watford,James Maddison,90+5
Liverpool,15,Liverpool,Everton,Divock Origi,6
Liverpool,15,Liverpool,Everton,Xherdan Shaqiri,17
Liverpool,15,Liverpool,Everton,Divock Origi,31
Liverpool,15,Liverpool,Everton,Sadio Mané,45
Liverpool,15,Liverpool,Everton,Georginio Wijnaldum,90
Everton,15,Liverpool,Everton,Michael Keane,21
Everton,15,Liverpool,Everton,Richarlison,45+3
Manchester Utd,15,Manchester Utd,Tottenham,Marcus Rashford,6
Manchester Utd,15,Manchester Utd,Tottenham,Marcus Rashford (P),49
Tottenham,15,Manchester Utd,Tottenham,Dele Alli,39
Newcastle Utd,15,Sheffield Utd,Newcastle Utd,Allan Saint-Maximin,15
Newcastle Utd,15,Sheffield Utd,Newcastle Utd,Jonjo Shelvey,70
Southampton,15,Southampton,Norwich City,Danny Ings,22
Southampton,15,Southampton,Norwich City,Ryan Bertrand,43
Norwich City,15,Southampton,Norwich City,Teemu Pukki,65
Wolves,15,Wolves,West Ham,Leander Dendoncker,23
Wolves,15,Wolves,West Ham,Patrick Cutrone,86
Aston Villa,16,Aston Villa,Leicester City,Jack Grealish,45+2
Leicester City,16,Aston Villa,Leicester City,Jamie Vardy,20
Leicester City,16,Aston Villa,Leicester City,Kelechi Iheanacho,41
Leicester City,16,Aston Villa,Leicester City,Jonny Evans,49
Leicester City,16,Aston Villa,Leicester City,Jamie Vardy,75
Liverpool,16,Bournemouth,Liverpool,Alex Oxlade-Chamberlain,35
Liverpool,16,Bournemouth,Liverpool,Naby Keïta,44
Liverpool,16,Bournemouth,Liverpool,Mohamed Salah,54
Brighton,16,Brighton,Wolves,Neal Maupay,34
Brighton,16,Brighton,Wolves,Davy Pröpper,36
Wolves,16,Brighton,Wolves,Diogo Jota,28
Wolves,16,Brighton,Wolves,Diogo Jota,44
Everton,16,Everton,Chelsea,Richarlison,5
Everton,16,Everton,Chelsea,Dominic Calvert-Lewin,49
Everton,16,Everton,Chelsea,Dominic Calvert-Lewin,84
Chelsea,16,Everton,Chelsea,Mateo Kovačić,52
Manchester City,16,Manchester City,Manchester Utd,Nicolás Otamendi,85
Manchester Utd,16,Manchester City,Manchester Utd,Marcus Rashford (P),23
Manchester Utd,16,Manchester City,Manchester Utd,Anthony Martial,29
Newcastle Utd,16,Newcastle Utd,Southampton,Jonjo Shelvey,68
Newcastle Utd,16,Newcastle Utd,Southampton,Federico Fernández,87
Southampton,16,Newcastle Utd,Southampton,Danny Ings,52
Norwich City,16,Norwich City,Sheffield Utd,Alexander Tettey,27
Sheffield Utd,16,Norwich City,Sheffield Utd,Enda Stevens,49
Sheffield Utd,16,Norwich City,Sheffield Utd,George Baldock,52
Tottenham,16,Tottenham,Burnley,Harry Kane,4
Tottenham,16,Tottenham,Burnley,Lucas Moura,9
Tottenham,16,Tottenham,Burnley,Son Heung-min,32
Tottenham,16,Tottenham,Burnley,Harry Kane,54
Tottenham,16,Tottenham,Burnley,Moussa Sissoko,74
West Ham,16,West Ham,Arsenal,Angelo Ogbonna,38
Arsenal,16,West Ham,Arsenal,Martinelli,60
Arsenal,16,West Ham,Arsenal,Nicolas Pépé,66
Arsenal,16,West Ham,Arsenal,Pierre-Emerick Aubameyang,69
Manchester City,17,Arsenal,Manchester City,Kevin De Bruyne,2
Manchester City,17,Arsenal,Manchester City,Raheem Sterling,15
Manchester City,17,Arsenal,Manchester City,Kevin De Bruyne,40
Burnley,17,Burnley,Newcastle Utd,Chris Wood,58
Bournemouth,17,Chelsea,Bournemouth,Dan Gosling,84
Crystal Palace,17,Crystal Palace,Brighton,Wilfried Zaha,76
Brighton,17,Crystal Palace,Brighton,Neal Maupay,54
Leicester City,17,Leicester City,Norwich City,Tim Krul (OG),38
Norwich City,17,Leicester City,Norwich City,Teemu Pukki,26
Liverpool,17,Liverpool,Watford,Mohamed Salah,38
Liverpool,17,Liverpool,Watford,Mohamed Salah,90
Manchester Utd,17,Manchester Utd,Everton,Mason Greenwood,77
Everton,17,Manchester Utd,Everton,Victor Lindelöf (OG),36
Sheffield Utd,17,Sheffield Utd,Aston Villa,John Fleck,50
Sheffield Utd,17,Sheffield Utd,Aston Villa,John Fleck,73
West Ham,17,Southampton,West Ham,Sébastien Haller,37
Wolves,17,Wolves,Tottenham,Adama Traoré,67
Tottenham,17,Wolves,Tottenham,Lucas Moura,8
Tottenham,17,Wolves,Tottenham,Jan Vertonghen,90+1
Aston Villa,18,Aston Villa,Southampton,Jack Grealish,75
Southampton,18,Aston Villa,Southampton,Danny Ings,21
Southampton,18,Aston Villa,Southampton,Jack Stephens,31
Southampton,18,Aston Villa,Southampton,Danny Ings,51
Burnley,18,Bournemouth,Burnley,Jay Rodriguez,89
Sheffield Utd,18,Brighton,Sheffield Utd,Oliver McBurnie,23
Manchester City,18,Manchester City,Leicester City,Riyad Mahrez,30
Manchester City,18,Manchester City,Leicester City,İlkay Gündoğan (P),43
Manchester City,18,Manchester City,Leicester City,Gabriel Jesus,69
Leicester City,18,Manchester City,Leicester City,Jamie Vardy,22
Newcastle Utd,18,Newcastle Utd,Crystal Palace,Miguel Almirón,83
Norwich City,18,Norwich City,Wolves,Todd Cantwell,17
Wolves,18,Norwich City,Wolves,Romain Saïss,60
Wolves,18,Norwich City,Wolves,Raúl Jiménez,81
Chelsea,18,Tottenham,Chelsea,Willian,12
Chelsea,18,Tottenham,Chelsea,Willian (P),45+4
Watford,18,Watford,Manchester Utd,Ismaila Sarr,50
Watford,18,Watford,Manchester Utd,Troy Deeney (P),54
Liverpool,18,West Ham,Liverpool,Mohamed Salah (P),35
Liverpool,18,West Ham,Liverpool,Alex Oxlade-Chamberlain,52
Aston Villa,19,Aston Villa,Norwich City,Conor Hourihane,64
Bournemouth,19,Bournemouth,Arsenal,Dan Gosling,35
Arsenal,19,Bournemouth,Arsenal,Pierre-Emerick Aubameyang,63
Southampton,19,Chelsea,Southampton,Michael Obafemi,31
Southampton,19,Chelsea,Southampton,Nathan Redmond,73
Crystal Palace,19,Crystal Palace,West Ham,Cheikhou Kouyaté,68
Crystal Palace,19,Crystal Palace,West Ham,Jordan Ayew,90
West Ham,19,Crystal Palace,West Ham,Robert Snodgrass,57
Everton,19,Everton,Burnley,Dominic Calvert-Lewin,80
Liverpool,19,Leicester City,Liverpool,Roberto Firmino,31
Liverpool,19,Leicester City,Liverpool,James Milner (P),71
Liverpool,19,Leicester City,Liverpool,Roberto Firmino,74
Liverpool,19,Leicester City,Liverpool,Trent Alexander-Arnold,78
Manchester Utd,19,Manchester Utd,Newcastle Utd,Anthony Martial,24
Manchester Utd,19,Manchester Utd,Newcastle Utd,Mason Greenwood,36
Manchester Utd,19,Manchester Utd,Newcastle Utd,Marcus Rashford,41
Manchester Utd,19,Manchester Utd,Newcastle Utd,Anthony Martial,51
Newcastle Utd,19,Manchester Utd,Newcastle Utd,Matthew Longstaff,17
Sheffield Utd,19,Sheffield Utd,Watford,Oliver Norwood (P),36
Watford,19,Sheffield Utd,Watford,Gerard Deulofeu,27
Tottenham,19,Tottenham,Brighton,Harry Kane,53
Tottenham,19,Tottenham,Brighton,Dele Alli,72
Brighton,19,Tottenham,Brighton,Adam Webster,37
Wolves,19,Wolves,Manchester City,Adama Traoré,55
Wolves,19,Wolves,Manchester City,Raúl Jiménez,82
Wolves,19,Wolves,Manchester City,Matt Doherty,89
Manchester City,19,Wolves,Manchester City,Raheem Sterling,25
Manchester City,19,Wolves,Manchester City,Raheem Sterling,50
Arsenal,20,Arsenal,Chelsea,Pierre-Emerick Aubameyang,13
Chelsea,20,Arsenal,Chelsea,Jorginho,83
Chelsea,20,Arsenal,Chelsea,Tammy Abraham,87
Brighton,20,Brighton,Bournemouth,Alireza Jahanbakhsh,3
Brighton,20,Brighton,Bournemouth,Aaron Mooy,79
Manchester Utd,20,Burnley,Manchester Utd,Anthony Martial,44
Manchester Utd,20,Burnley,Manchester Utd,Marcus Rashford,90+5
Liverpool,20,Liverpool,Wolves,Sadio Mané,42
Manchester City,20,Manchester City,Sheffield Utd,Sergio Agüero,52
Manchester City,20,Manchester City,Sheffield Utd,Kevin De Bruyne,82
Newcastle Utd,20,Newcastle Utd,Everton,Fabian Schär,56
Everton,20,Newcastle Utd,Everton,Dominic Calvert-Lewin,13
Everton,20,Newcastle Utd,Everton,Dominic Calvert-Lewin,64
Norwich City,20,Norwich City,Tottenham,Mario Vrančić,18
Norwich City,20,Norwich City,Tottenham,Serge Aurier (OG),61
Tottenham,20,Norwich City,Tottenham,Christian Eriksen,55
Tottenham,20,Norwich City,Tottenham,Harry Kane (P),83
Southampton,20,Southampton,Crystal Palace,Danny Ings,74
Crystal Palace,20,Southampton,Crystal Palace,James Tomkins,50
Watford,20,Watford,Aston Villa,Troy Deeney,42
Watford,20,Watford,Aston Villa,Troy Deeney (P),67
Watford,20,Watford,Aston Villa,Ismaila Sarr,71
West Ham,20,West Ham,Leicester City,Pablo Fornals,45
Leicester City,20,West Ham,Leicester City,Kelechi Iheanacho,40
Leicester City,20,West Ham,Leicester City,Demarai Gray,56
Arsenal,21,Arsenal,Manchester Utd,Nicolas Pépé,8
Arsenal,21,Arsenal,Manchester Utd,Sokratis Papastathopoulos,42
Brighton,21,Brighton,Chelsea,Alireza Jahanbakhsh,84
Chelsea,21,Brighton,Chelsea,César Azpilicueta,10
Burnley,21,Burnley,Aston Villa,Chris Wood,80
Aston Villa,21,Burnley,Aston Villa,Wesley Moraes,27
Aston Villa,21,Burnley,Aston Villa,Jack Grealish,41
Liverpool,21,Liverpool,Sheffield Utd,Mohamed Salah,4
Liverpool,21,Liverpool,Sheffield Utd,Sadio Mané,64
Manchester City,21,Manchester City,Everton,Gabriel Jesus,51
Manchester City,21,Manchester City,Everton,Gabriel Jesus,58
Everton,21,Manchester City,Everton,Richarlison,71
Leicester City,21,Newcastle Utd,Leicester City,Ayoze Pérez,36
Leicester City,21,Newcastle Utd,Leicester City,James Maddison,39
Leicester City,21,Newcastle Utd,Leicester City,Hamza Choudhury,87
Norwich City,21,Norwich City,Crystal Palace,Todd Cantwell,4
Crystal Palace,21,Norwich City,Crystal Palace,Connor Wickham,85
Southampton,21,Southampton,Tottenham,Danny Ings,17
Watford,21,Watford,Wolves,Gerard Deulofeu,30
Watford,21,Watford,Wolves,Abdoulaye Doucouré,49
Wolves,21,Watford,Wolves,Pedro Neto,60
West Ham,21,West Ham,Bournemouth,Mark Noble,17
West Ham,21,West Ham,Bournemouth,Sébastien Haller,25
West Ham,21,West Ham,Bournemouth,Mark Noble (P),35
West Ham,21,West Ham,Bournemouth,Felipe Anderson,66
Aston Villa,22,Aston Villa,Manchester City,Anwar El Ghazi (P),90+1
Manchester City,22,Aston Villa,Manchester City,Riyad Mahrez,18
Manchester City,22,Aston Villa,Manchester City,Riyad Mahrez,24
Manchester City,22,Aston Villa,Manchester City,Sergio Agüero,28
Manchester City,22,Aston Villa,Manchester City,Gabriel Jesus,45+1
Manchester City,22,Aston Villa,Manchester City,Sergio Agüero,57
Manchester City,22,Aston Villa,Manchester City,Sergio Agüero,81
Watford,22,Bournemouth,Watford,Abdoulaye Doucouré,42
Watford,22,Bournemouth,Watford,Troy Deeney,65
Watford,22,Bournemouth,Watford,Roberto Pereyra,90+2
Chelsea,22,Chelsea,Burnley,Jorginho (P),27
Chelsea,22,Chelsea,Burnley,Tammy Abraham,38
Chelsea,22,Chelsea,Burnley,Callum Hudson-Odoi,49
Crystal Palace,22,Crystal Palace,Arsenal,Jordan Ayew,54
Arsenal,22,Crystal Palace,Arsenal,Pierre-Emerick Aubameyang,12
Everton,22,Everton,Brighton,Richarlison,38
Leicester City,22,Leicester City,Southampton,Dennis Praet,14
Southampton,22,Leicester City,Southampton,Stuart Armstrong,19
Southampton,22,Leicester City,Southampton,Danny Ings,81
Manchester Utd,22,Manchester Utd,Norwich City,Marcus Rashford,27
Manchester Utd,22,Manchester Utd,Norwich City,Marcus Rashford (P),52
Manchester Utd,22,Manchester Utd,Norwich City,Anthony Martial,54
Manchester Utd,22,Manchester Utd,Norwich City,Mason Greenwood,76
Sheffield Utd,22,Sheffield Utd,West Ham,Oliver McBurnie,53
Liverpool,22,Tottenham,Liverpool,Roberto Firmino,37
Wolves,22,Wolves,Newcastle Utd,Leander Dendoncker,14
Newcastle Utd,22,Wolves,Newcastle Utd,Miguel Almirón,7
Arsenal,23,Arsenal,Sheffield Utd,Martinelli,45
Sheffield Utd,23,Arsenal,Sheffield Utd,John Fleck,83
Brighton,23,Brighton,Aston Villa,Leandro Trossard,38
Aston Villa,23,Brighton,Aston Villa,Jack Grealish,75
Burnley,23,Burnley,Leicester City,Chris Wood,56
Burnley,23,Burnley,Leicester City,Ashley Westwood,79
Leicester City,23,Burnley,Leicester City,Harvey Barnes,33
Liverpool,23,Liverpool,Manchester Utd,Virgil van Dijk,14
Liverpool,23,Liverpool,Manchester Utd,Mohamed Salah,90+3
Manchester City,23,Manchester City,Crystal Palace,Sergio Agüero,82
Manchester City,23,Manchester City,Crystal Palace,Sergio Agüero,87
Crystal Palace,23,Manchester City,Crystal Palace,Cenk Tosun,39
Crystal Palace,23,Manchester City,Crystal Palace,Fernandinho (OG),90
Newcastle Utd,23,Newcastle Utd,Chelsea,Isaac Hayden,90+4
Norwich City,23,Norwich City,Bournemouth,Teemu Pukki (P),33
Southampton,23,Southampton,Wolves,Jan Bednarek,15
Southampton,23,Southampton,Wolves,Shane Long,35
Wolves,23,Southampton,Wolves,Pedro Neto,53
Wolves,23,Southampton,Wolves,Raúl Jiménez (P),65
Wolves,23,Southampton,Wolves,Raúl Jiménez,76
West Ham,23,West Ham,Everton,Issa Diop,40
Everton,23,West Ham,Everton,Dominic Calvert-Lewin,44
Aston Villa,24,Aston Villa,Watford,Douglas Luiz,68
Aston Villa,24,Aston Villa,Watford,Tyrone Mings,90+5
Watford,24,Aston Villa,Watford,Troy Deeney,38
Bournemouth,24,Bournemouth,Brighton,Harry Wilson,36
Bournemouth,24,Bournemouth,Brighton,Pascal Groß (OG),41
Bournemouth,24,Bournemouth,Brighton,Callum Wilson,74
Brighton,24,Bournemouth,Brighton,Aaron Mooy,81
Chelsea,24,Chelsea,Arsenal,Jorginho (P),28
Chelsea,24,Chelsea,Arsenal,César Azpilicueta,84
Arsenal,24,Chelsea,Arsenal,Martinelli,63
Arsenal,24,Chelsea,Arsenal,Héctor Bellerín,87
Southampton,24,Crystal Palace,Southampton,Nathan Redmond,22
Southampton,24,Crystal Palace,Southampton,Stuart Armstrong,48
Everton,24,Everton,Newcastle Utd,Moise Kean,30
Everton,24,Everton,Newcastle Utd,Dominic Calvert-Lewin,54
Newcastle Utd,24,Everton,Newcastle Utd,Florian Lejeune,90+4
Newcastle Utd,24,Everton,Newcastle Utd,Florian Lejeune,90+5
Leicester City,24,Leicester City,West Ham,Harvey Barnes,24
Leicester City,24,Leicester City,West Ham,Ricardo Pereira,45+5
Leicester City,24,Leicester City,West Ham,Ayoze Pérez (P),81
Leicester City,24,Leicester City,West Ham,Ayoze Pérez,88
West Ham,24,Leicester City,West Ham,Mark Noble (P),50
Burnley,24,Manchester Utd,Burnley,Chris Wood,39
Burnley,24,Manchester Utd,Burnley,Jay Rodriguez,56
Manchester City,24,Sheffield Utd,Manchester City,Sergio Agüero,73
Tottenham,24,Tottenham,Norwich City,Dele Alli,38
Tottenham,24,Tottenham,Norwich City,Son Heung-min,79
Norwich City,24,Tottenham,Norwich City,Teemu Pukki (P),70
Wolves,24,Wolves,Liverpool,Raúl Jiménez,51
Liverpool,24,Wolves,Liverpool,Jordan Henderson,8
Liverpool,24,Wolves,Liverpool,Roberto Firmino,84
Bournemouth,25,Bournemouth,Aston Villa,Philip Billing,37
Bournemouth,25,Bournemouth,Aston Villa,Nathan Aké,44
Aston Villa,25,Bournemouth,Aston Villa,Mbwana Samatta,70
Sheffield Utd,25,Crystal Palace,Sheffield Utd,Vicente Guaita (OG),58
Leicester City,25,Leicester City,Chelsea,Harvey Barnes,54
Leicester City,25,Leicester City,Chelsea,Ben Chilwell,64
Chelsea,25,Leicester City,Chelsea,Antonio Rüdiger,46
Chelsea,25,Leicester City,Chelsea,Antonio Rüdiger,71
Liverpool,25,Liverpool,Southampton,Alex Oxlade-Chamberlain,47
Liverpool,25,Liverpool,Southampton,Jordan Henderson,60
Liverpool,25,Liverpool,Southampton,Mohamed Salah,71
Liverpool,25,Liverpool,Southampton,Mohamed Salah,90
Tottenham,25,Tottenham,Manchester City,Steven Bergwijn,63
Tottenham,25,Tottenham,Manchester City,Son Heung-min,71
Watford,25,Watford,Everton,Adam Masina,10
Watford,25,Watford,Everton,Roberto Pereyra,42
Everton,25,Watford,Everton,Yerry Mina,45+1
Everton,25,Watford,Everton,Yerry Mina,45+4
Everton,25,Watford,Everton,Theo Walcott,90
West Ham,25,West Ham,Brighton,Issa Diop,30
West Ham,25,West Ham,Brighton,Robert Snodgrass,45
West Ham,25,West Ham,Brighton,Robert Snodgrass,57
Brighton,25,West Ham,Brighton,Angelo Ogbonna (OG),47
Brighton,25,West Ham,Brighton,Pascal Groß,75
Brighton,25,West Ham,Brighton,Glenn Murray,79
Arsenal,26,Arsenal,Newcastle Utd,Pierre-Emerick Aubameyang,54
Arsenal,26,Arsenal,Newcastle Utd,Nicolas Pépé,57
Arsenal,26,Arsenal,Newcastle Utd,Mesut Özil,90
Arsenal,26,Arsenal,Newcastle Utd,Alexandre Lacazette,90+5
Aston Villa,26,Aston Villa,Tottenham,Toby Alderweireld (OG),9
Aston Villa,26,Aston Villa,Tottenham,Björn Engels,53
Tottenham,26,Aston Villa,Tottenham,Toby Alderweireld,27
Tottenham,26,Aston Villa,Tottenham,Son Heung-min,45+2
Tottenham,26,Aston Villa,Tottenham,Son Heung-min,90+4
Brighton,26,Brighton,Watford,Adrian Mariappa (OG),78
Watford,26,Brighton,Watford,Abdoulaye Doucouré,19
Manchester Utd,26,Chelsea,Manchester Utd,Anthony Martial,45
Manchester Utd,26,Chelsea,Manchester Utd,Harry Maguire,66
Everton,26,Everton,Crystal Palace,Bernard,18
Everton,26,Everton,Crystal Palace,Richarlison,58
Everton,26,Everton,Crystal Palace,Dominic Calvert-Lewin,88
Crystal Palace,26,Everton,Crystal Palace,Christian Benteke,51
Manchester City,26,Manchester City,West Ham,Rodri,30
Manchester City,26,Manchester City,West Ham,Kevin De Bruyne,62
Liverpool,26,Norwich City,Liverpool,Sadio Mané,78
Sheffield Utd,26,Sheffield Utd,Bournemouth,Billy Sharp,45+2
Sheffield Utd,26,Sheffield Utd,Bournemouth,John Lundstram,84
Bournemouth,26,Sheffield Utd,Bournemouth,Callum Wilson,13
Southampton,26,Southampton,Burnley,Danny Ings,18
Burnley,26,Southampton,Burnley,Ashley Westwood,2
Burnley,26,Southampton,Burnley,Matěj Vydra,60
Arsenal,27,Arsenal,Everton,Eddie Nketiah,27
Arsenal,27,Arsenal,Everton,Pierre-Emerick Aubameyang,33
Arsenal,27,Arsenal,Everton,Pierre-Emerick Aubameyang,46
Everton,27,Arsenal,Everton,Dominic Calvert-Lewin,1
Everton,27,Arsenal,Everton,Richarlison,45+4
Burnley,27,Burnley,Bournemouth,Matěj Vydra,53
Burnley,27,Burnley,Bournemouth,Jay Rodriguez (P),61
Burnley,27,Burnley,Bournemouth,Dwight McNeil,87
Chelsea,27,Chelsea,Tottenham,Olivier Giroud,15
Chelsea,27,Chelsea,Tottenham,Marcos Alonso,48
Tottenham,27,Chelsea,Tottenham,Antonio Rüdiger (OG),89
Crystal Palace,27,Crystal Palace,Newcastle Utd,Patrick van Aanholt,44
Manchester City,27,Leicester City,Manchester City,Gabriel Jesus,80
Liverpool,27,Liverpool,West Ham,Georginio Wijnaldum,9
Liverpool,27,Liverpool,West Ham,Mohamed Salah,68
Liverpool,27,Liverpool,West Ham,Sadio Mané,81
West Ham,27,Liverpool,West Ham,Issa Diop,12
West Ham,27,Liverpool,West Ham,Pablo Fornals,54
Manchester Utd,27,Manchester Utd,Watford,Bruno Fernandes (P),42
Manchester Utd,27,Manchester Utd,Watford,Anthony Martial,58
Manchester Utd,27,Manchester Utd,Watford,Mason Greenwood,75
Sheffield Utd,27,Sheffield Utd,Brighton,Enda Stevens,26
Brighton,27,Sheffield Utd,Brighton,Neal Maupay,30
Southampton,27,Southampton,Aston Villa,Shane Long,8
Southampton,27,Southampton,Aston Villa,Stuart Armstrong,90+5
Wolves,27,Wolves,Norwich City,Diogo Jota,19
Wolves,27,Wolves,Norwich City,Diogo Jota,30
Wolves,27,Wolves,Norwich City,Raúl Jiménez,50
Bournemouth,28,Bournemouth,Chelsea,Jefferson Lerma,54
Bournemouth,28,Bournemouth,Chelsea,Joshua King,57
Chelsea,28,Bournemouth,Chelsea,Marcos Alonso,33
Chelsea,28,Bournemouth,Chelsea,Marcos Alonso,85
Crystal Palace,28,Brighton,Crystal Palace,Jordan Ayew,70
Everton,28,Everton,Manchester Utd,Dominic Calvert-Lewin,3
Manchester Utd,28,Everton,Manchester Utd,Bruno Fernandes,31
Manchester City,28,Manchester City,Arsenal,Raheem Sterling,45+2
Manchester City,28,Manchester City,Arsenal,Kevin De Bruyne (P),51
Manchester City,28,Manchester City,Arsenal,Phil Foden,90+1
Norwich City,28,Norwich City,Leicester City,Jamal Lewis,70
Tottenham,28,Tottenham,Wolves,Steven Bergwijn,13
Tottenham,28,Tottenham,Wolves,Serge Aurier,45
Wolves,28,Tottenham,Wolves,Matt Doherty,27
Wolves,28,Tottenham,Wolves,Diogo Jota,57
Wolves,28,Tottenham,Wolves,Raúl Jiménez,73
Watford,28,Watford,Liverpool,Ismaila Sarr,54
Watford,28,Watford,Liverpool,Ismaila Sarr,60
Watford,28,Watford,Liverpool,Troy Deeney,72
West Ham,28,West Ham,Southampton,Jarrod Bowen,15
West Ham,28,West Ham,Southampton,Sébastien Haller,40
West Ham,28,West Ham,Southampton,Michail Antonio,54
Southampton,28,West Ham,Southampton,Michael Obafemi,31
Arsenal,29,Arsenal,West Ham,Alexandre Lacazette,78
Burnley,29,Burnley,Tottenham,Chris Wood,13
Tottenham,29,Burnley,Tottenham,Dele Alli (P),50
Chelsea,29,Chelsea,Everton,Mason Mount,14
Chelsea,29,Chelsea,Everton,Pedro,21
Chelsea,29,Chelsea,Everton,Willian,51
Chelsea,29,Chelsea,Everton,Olivier Giroud,54
Crystal Palace,29,Crystal Palace,Watford,Jordan Ayew,28
Leicester City,29,Leicester City,Aston Villa,Harvey Barnes,40
Leicester City,29,Leicester City,Aston Villa,Jamie Vardy (P),63
Leicester City,29,Leicester City,Aston Villa,Jamie Vardy,79
Leicester City,29,Leicester City,Aston Villa,Harvey Barnes,85
Liverpool,29,Liverpool,Bournemouth,Mohamed Salah,25
Liverpool,29,Liverpool,Bournemouth,Sadio Mané,33
Bournemouth,29,Liverpool,Bournemouth,Callum Wilson,9
Manchester Utd,29,Manchester Utd,Manchester City,Anthony Martial,30
Manchester Utd,29,Manchester Utd,Manchester City,Scott McTominay,90+6
Sheffield Utd,29,Sheffield Utd,Norwich City,Billy Sharp,36
Newcastle Utd,29,Southampton,Newcastle Utd,Allan Saint-Maximin,79
Aston Villa,30,Aston Villa,Chelsea,Kortney Hause,43
Chelsea,30,Aston Villa,Chelsea,Christian Pulisic,60
Chelsea,30,Aston Villa,Chelsea,Olivier Giroud,62
Crystal Palace,30,Bournemouth,Crystal Palace,Luka Milivojević,12
Crystal Palace,30,Bournemouth,Crystal Palace,Jordan Ayew,23
Brighton,30,Brighton,Arsenal,Lewis Dunk,75
Brighton,30,Brighton,Arsenal,Neal Maupay,90+5
Arsenal,30,Brighton,Arsenal,Nicolas Pépé,68
Manchester City,30,Manchester City,Burnley,Phil Foden,22
Manchester City,30,Manchester City,Burnley,Riyad Mahrez,43
Manchester City,30,Manchester City,Burnley,Riyad Mahrez (P),45+3
Manchester City,30,Manchester City,Burnley,David Silva,51
Manchester City,30,Manchester City,Burnley,Phil Foden,63
Newcastle Utd,30,Newcastle Utd,Sheffield Utd,Allan Saint-Maximin,55
Newcastle Utd,30,Newcastle Utd,Sheffield Utd,Matt Ritchie,69
Newcastle Utd,30,Newcastle Utd,Sheffield Utd,Joelinton,78
Southampton,30,Norwich City,Southampton,Danny Ings,49
Southampton,30,Norwich City,Southampton,Stuart Armstrong,54
Southampton,30,Norwich City,Southampton,Nathan Redmond,79
Tottenham,30,Tottenham,Manchester Utd,Steven Bergwijn,27
Manchester Utd,30,Tottenham,Manchester Utd,Bruno Fernandes (P),81
Watford,30,Watford,Leicester City,Craig Dawson,90+3
Leicester City,30,Watford,Leicester City,Ben Chilwell,90
Wolves,30,West Ham,Wolves,Raúl Jiménez,73
Wolves,30,West Ham,Wolves,Pedro Neto,84
Burnley,31,Burnley,Watford,Jay Rodriguez,73
Chelsea,31,Chelsea,Manchester City,Christian Pulisic,36
Chelsea,31,Chelsea,Manchester City,Willian (P),78
Manchester City,31,Chelsea,Manchester City,Kevin De Bruyne,55
Liverpool,31,Liverpool,Crystal Palace,Trent Alexander-Arnold,23
Liverpool,31,Liverpool,Crystal Palace,Mohamed Salah,44
Liverpool,31,Liverpool,Crystal Palace,Fabinho,55
Liverpool,31,Liverpool,Crystal Palace,Sadio Mané,69
Manchester Utd,31,Manchester Utd,Sheffield Utd,Anthony Martial,7
Manchester Utd,31,Manchester Utd,Sheffield Utd,Anthony Martial,44
Manchester Utd,31,Manchester Utd,Sheffield Utd,Anthony Martial,74
Newcastle Utd,31,Newcastle Utd,Aston Villa,Dwight Gayle,68
Aston Villa,31,Newcastle Utd,Aston Villa,Ahmed Elmohamady,83
Everton,31,Norwich City,Everton,Michael Keane,55
Arsenal,31,Southampton,Arsenal,Eddie Nketiah,20
Arsenal,31,Southampton,Arsenal,Joe Willock,86
Tottenham,31,Tottenham,West Ham,Tomáš Souček (OG),64
Tottenham,31,Tottenham,West Ham,Harry Kane,82
Wolves,31,Wolves,Bournemouth,Raúl Jiménez,60
Arsenal,32,Arsenal,Norwich City,Pierre-Emerick Aubameyang,33
Arsenal,32,Arsenal,Norwich City,Granit Xhaka,37
Arsenal,32,Arsenal,Norwich City,Pierre-Emerick Aubameyang,67
Arsenal,32,Arsenal,Norwich City,Cédric Soares,81
Wolves,32,Aston Villa,Wolves,Leander Dendoncker,62
Bournemouth,32,Bournemouth,Newcastle Utd,Dan Gosling,90+4
Newcastle Utd,32,Bournemouth,Newcastle Utd,Dwight Gayle,5
Newcastle Utd,32,Bournemouth,Newcastle Utd,Sean Longstaff,30
Newcastle Utd,32,Bournemouth,Newcastle Utd,Miguel Almirón,57
Newcastle Utd,32,Bournemouth,Newcastle Utd,Valentino Lazaro,77
Manchester Utd,32,Brighton,Manchester Utd,Mason Greenwood,16
Manchester Utd,32,Brighton,Manchester Utd,Bruno Fernandes,29
Manchester Utd,32,Brighton,Manchester Utd,Bruno Fernandes,50
Burnley,32,Crystal Palace,Burnley,Ben Mee,62
Everton,32,Everton,Leicester City,Richarlison,10
Everton,32,Everton,Leicester City,Gylfi Sigurðsson (P),16
Leicester City,32,Everton,Leicester City,Kelechi Iheanacho,51
Manchester City,32,Manchester City,Liverpool,Kevin De Bruyne (P),25
Manchester City,32,Manchester City,Liverpool,Raheem Sterling,35
Manchester City,32,Manchester City,Liverpool,Phil Foden,45
Manchester City,32,Manchester City,Liverpool,Alex Oxlade-Chamberlain (OG),66
Sheffield Utd,32,Sheffield Utd,Tottenham,Sander Berge,31
Sheffield Utd,32,Sheffield Utd,Tottenham,Lys Mousset,69
Sheffield Utd,32,Sheffield Utd,Tottenham,Oliver McBurnie,84
Tottenham,32,Sheffield Utd,Tottenham,Harry Kane,90
Watford,32,Watford,Southampton,Jan Bednarek (OG),79
Southampton,32,Watford,Southampton,Danny Ings,16
Southampton,32,Watford,Southampton,Danny Ings,70
Southampton,32,Watford,Southampton,James Ward-Prowse,82
West Ham,32,West Ham,Chelsea,Tomáš Souček,45+2
West Ham,32,West Ham,Chelsea,Michail Antonio,51
West Ham,32,West Ham,Chelsea,Andriy Yarmolenko,89
Chelsea,32,West Ham,Chelsea,Willian (P),42
Chelsea,32,West Ham,Chelsea,Willian,72
Burnley,33,Burnley,Sheffield Utd,James Tarkowski,43
Sheffield Utd,33,Burnley,Sheffield Utd,John Egan,80
Chelsea,33,Chelsea,Watford,Olivier Giroud,28
Chelsea,33,Chelsea,Watford,Willian (P),43
Chelsea,33,Chelsea,Watford,Ross Barkley,90+2
Leicester City,33,Leicester City,Crystal Palace,Kelechi Iheanacho,49
Leicester City,33,Leicester City,Crystal Palace,Jamie Vardy,77
Leicester City,33,Leicester City,Crystal Palace,Jamie Vardy,90+4
Liverpool,33,Liverpool,Aston Villa,Sadio Mané,71
Liverpool,33,Liverpool,Aston Villa,Curtis Jones,89
Manchester Utd,33,Manchester Utd,Bournemouth,Mason Greenwood,29
Manchester Utd,33,Manchester Utd,Bournemouth,Marcus Rashford (P),35
Manchester Utd,33,Manchester Utd,Bournemouth,Anthony Martial,45+2
Manchester Utd,33,Manchester Utd,Bournemouth,Mason Greenwood,54
Manchester Utd,33,Manchester Utd,Bournemouth,Bruno Fernandes,59
Bournemouth,33,Manchester Utd,Bournemouth,Junior Stanislas,15
Bournemouth,33,Manchester Utd,Bournemouth,Joshua King (P),49
Newcastle Utd,33,Newcastle Utd,West Ham,Miguel Almirón,17
Newcastle Utd,33,Newcastle Utd,West Ham,Jonjo Shelvey,67
West Ham,33,Newcastle Utd,West Ham,Michail Antonio,4
West Ham,33,Newcastle Utd,West Ham,Tomáš Souček,65
Brighton,33,Norwich City,Brighton,Leandro Trossard,25
Southampton,33,Southampton,Manchester City,Che Adams,16
Tottenham,33,Tottenham,Everton,Michael Keane (OG),24
Arsenal,33,Wolves,Arsenal,Bukayo Saka,43
Arsenal,33,Wolves,Arsenal,Alexandre Lacazette,86
Arsenal,34,Arsenal,Leicester City,Pierre-Emerick Aubameyang,21
Leicester City,34,Arsenal,Leicester City,Jamie Vardy,84
Manchester Utd,34,Aston Villa,Manchester Utd,Bruno Fernandes (P),27
Manchester Utd,34,Aston Villa,Manchester Utd,Mason Greenwood,45+5
Manchester Utd,34,Aston Villa,Manchester Utd,Paul Pogba,58
Brighton,34,Brighton,Liverpool,Leandro Trossard,45
Liverpool,34,Brighton,Liverpool,Mohamed Salah,6
Liverpool,34,Brighton,Liverpool,Jordan Henderson,8
Liverpool,34,Brighton,Liverpool,Mohamed Salah,76
Crystal Palace,34,Crystal Palace,Chelsea,Wilfried Zaha,34
Crystal Palace,34,Crystal Palace,Chelsea,Christian Benteke,72
Chelsea,34,Crystal Palace,Chelsea,Olivier Giroud,6
Chelsea,34,Crystal Palace,Chelsea,Christian Pulisic,27
Chelsea,34,Crystal Palace,Chelsea,Tammy Abraham,71
Everton,34,Everton,Southampton,Richarlison,43
Southampton,34,Everton,Southampton,Danny Ings,31
Manchester City,34,Manchester City,Newcastle Utd,Gabriel Jesus,10
Manchester City,34,Manchester City,Newcastle Utd,Riyad Mahrez,21
Manchester City,34,Manchester City,Newcastle Utd,Federico Fernández (OG),58
Manchester City,34,Manchester City,Newcastle Utd,David Silva,65
Manchester City,34,Manchester City,Newcastle Utd,Raheem Sterling,90+1
Sheffield Utd,34,Sheffield Utd,Wolves,John Egan,90+3
Watford,34,Watford,Norwich City,Craig Dawson,10
Watford,34,Watford,Norwich City,Danny Welbeck,55
Norwich City,34,Watford,Norwich City,Emi Buendía,4
Burnley,34,West Ham,Burnley,Jay Rodriguez,38
Aston Villa,35,Aston Villa,Crystal Palace,Trézéguet,45+4
Aston Villa,35,Aston Villa,Crystal Palace,Trézéguet,59
Bournemouth,35,Bournemouth,Leicester City,Junior Stanislas (P),66
Bournemouth,35,Bournemouth,Leicester City,Dominic Solanke,67
Bournemouth,35,Bournemouth,Leicester City,Jonny Evans (OG),83
Bournemouth,35,Bournemouth,Leicester City,Dominic Solanke,87
Leicester City,35,Bournemouth,Leicester City,Jamie Vardy,23
Manchester City,35,Brighton,Manchester City,Raheem Sterling,21
Manchester City,35,Brighton,Manchester City,Gabriel Jesus,44
Manchester City,35,Brighton,Manchester City,Raheem Sterling,53
Manchester City,35,Brighton,Manchester City,Bernardo Silva,56
Manchester City,35,Brighton,Manchester City,Raheem Sterling,81
Liverpool,35,Liverpool,Burnley,Andrew Robertson,34
Burnley,35,Liverpool,Burnley,Jay Rodriguez,69
Manchester Utd,35,Manchester Utd,Southampton,Marcus Rashford,20
Manchester Utd,35,Manchester Utd,Southampton,Anthony Martial,23
Southampton,35,Manchester Utd,Southampton,Stuart Armstrong,12
Southampton,35,Manchester Utd,Southampton,Michael Obafemi,90+6
West Ham,35,Norwich City,West Ham,Michail Antonio,11
West Ham,35,Norwich City,West Ham,Michail Antonio,45+1
West Ham,35,Norwich City,West Ham,Michail Antonio,54
West Ham,35,Norwich City,West Ham,Michail Antonio,74
Sheffield Utd,35,Sheffield Utd,Chelsea,David McGoldrick,18
Sheffield Utd,35,Sheffield Utd,Chelsea,Oliver McBurnie,33
Sheffield Utd,35,Sheffield Utd,Chelsea,David McGoldrick,77
Tottenham,35,Tottenham,Arsenal,Son Heung-min,19
Tottenham,35,Tottenham,Arsenal,Toby Alderweireld,81
Arsenal,35,Tottenham,Arsenal,Alexandre Lacazette,16
Watford,35,Watford,Newcastle Utd,Troy Deeney (P),52
Watford,35,Watford,Newcastle Utd,Troy Deeney (P),82
Newcastle Utd,35,Watford,Newcastle Utd,Dwight Gayle,23
Wolves,35,Wolves,Everton,Raúl Jiménez (P),45+2
Wolves,35,Wolves,Everton,Leander Dendoncker,46
Wolves,35,Wolves,Everton,Diogo Jota,74
Arsenal,36,Arsenal,Liverpool,Alexandre Lacazette,32
Arsenal,36,Arsenal,Liverpool,Reiss Nelson,44
Liverpool,36,Arsenal,Liverpool,Sadio Mané,20
Burnley,36,Burnley,Wolves,Chris Wood (P),90+6
Wolves,36,Burnley,Wolves,Raúl Jiménez,76
Chelsea,36,Chelsea,Norwich City,Olivier Giroud,45+3
Manchester Utd,36,Crystal Palace,Manchester Utd,Marcus Rashford,45+1
Manchester Utd,36,Crystal Palace,Manchester Utd,Anthony Martial,78
Everton,36,Everton,Aston Villa,Theo Walcott,87
Aston Villa,36,Everton,Aston Villa,Ezri Konsa,72
Leicester City,36,Leicester City,Sheffield Utd,Ayoze Pérez,29
Leicester City,36,Leicester City,Sheffield Utd,Demarai Gray,79
Manchester City,36,Manchester City,Bournemouth,David Silva,6
Manchester City,36,Manchester City,Bournemouth,Gabriel Jesus,39
Bournemouth,36,Manchester City,Bournemouth,David Brooks,88
Newcastle Utd,36,Newcastle Utd,Tottenham,Matt Ritchie,56
Tottenham,36,Newcastle Utd,Tottenham,Son Heung-min,27
Tottenham,36,Newcastle Utd,Tottenham,Harry Kane,60
Tottenham,36,Newcastle Utd,Tottenham,Harry Kane,90
Southampton,36,Southampton,Brighton,Danny Ings,66
Brighton,36,Southampton,Brighton,Neal Maupay,17
West Ham,36,West Ham,Watford,Michail Antonio,6
West Ham,36,West Ham,Watford,Tomáš Souček,10
West Ham,36,West Ham,Watford,Declan Rice,36
Watford,36,West Ham,Watford,Troy Deeney,49
Aston Villa,37,Aston Villa,Arsenal,Trézéguet,27
Southampton,37,Bournemouth,Southampton,Danny Ings,41
Southampton,37,Bournemouth,Southampton,Che Adams,90+8
Liverpool,37,Liverpool,Chelsea,Naby Keïta,23
Liverpool,37,Liverpool,Chelsea,Trent Alexander-Arnold,38
Liverpool,37,Liverpool,Chelsea,Georginio Wijnaldum,43
Liverpool,37,Liverpool,Chelsea,Roberto Firmino,54
Liverpool,37,Liverpool,Chelsea,Alex Oxlade-Chamberlain,84
Chelsea,37,Liverpool,Chelsea,Olivier Giroud,45+3
Chelsea,37,Liverpool,Chelsea,Tammy Abraham,61
Chelsea,37,Liverpool,Chelsea,Christian Pulisic,73
Manchester Utd,37,Manchester Utd,West Ham,Mason Greenwood,51
West Ham,37,Manchester Utd,West Ham,Michail Antonio (P),45+2
Burnley,37,Norwich City,Burnley,Chris Wood,45+5
Burnley,37,Norwich City,Burnley,Ben Godfrey (OG),80
Everton,37,Sheffield Utd,Everton,Richarlison,46
Tottenham,37,Tottenham,Leicester City,James Justin (OG),6
Tottenham,37,Tottenham,Leicester City,Harry Kane,37
Tottenham,37,Tottenham,Leicester City,Harry Kane,40
Manchester City,37,Watford,Manchester City,Raheem Sterling,31
Manchester City,37,Watford,Manchester City,Raheem Sterling,40
Manchester City,37,Watford,Manchester City,Phil Foden,63
Manchester City,37,Watford,Manchester City,Aymeric Laporte,66
Wolves,37,Wolves,Crystal Palace,Daniel Podence,41
Wolves,37,Wolves,Crystal Palace,Jonny Castro,68
Arsenal,38,Arsenal,Watford,Pierre-Emerick Aubameyang (P),5
Arsenal,38,Arsenal,Watford,Kieran Tierney,24
Arsenal,38,Arsenal,Watford,Pierre-Emerick Aubameyang,33
Watford,38,Arsenal,Watford,Troy Deeney (P),43
Watford,38,Arsenal,Watford,Danny Welbeck,66
Burnley,38,Burnley,Brighton,Chris Wood,44
Brighton,38,Burnley,Brighton,Yves Bissouma,20
Brighton,38,Burnley,Brighton,Aaron Connolly,50
Chelsea,38,Chelsea,Wolves,Mason Mount,45+1
Chelsea,38,Chelsea,Wolves,Olivier Giroud,45+4
Crystal Palace,38,Crystal Palace,Tottenham,Jeffrey Schlupp,53
Tottenham,38,Crystal Palace,Tottenham,Harry Kane,13
Everton,38,Everton,Bournemouth,Moise Kean,41
Bournemouth,38,Everton,Bournemouth,Joshua King (P),13
Bournemouth,38,Everton,Bournemouth,Dominic Solanke,45+1
Bournemouth,38,Everton,Bournemouth,Junior Stanislas,80
Manchester Utd,38,Leicester City,Manchester Utd,Bruno Fernandes (P),71
Manchester Utd,38,Leicester City,Manchester Utd,Jesse Lingard,90+8
Manchester City,38,Manchester City,Norwich City,Gabriel Jesus,11
Manchester City,38,Manchester City,Norwich City,Kevin De Bruyne,45+1
Manchester City,38,Manchester City,Norwich City,Raheem Sterling,79
Manchester City,38,Manchester City,Norwich City,Riyad Mahrez,83
Manchester City,38,Manchester City,Norwich City,Kevin De Bruyne,90
Newcastle Utd,38,Newcastle Utd,Liverpool,Dwight Gayle,1
Liverpool,38,Newcastle Utd,Liverpool,Virgil van Dijk,38
Liverpool,38,Newcastle Utd,Liverpool,Divock Origi,59
Liverpool,38,Newcastle Utd,Liverpool,Sadio Mané,89
Southampton,38,Southampton,Sheffield Utd,Che Adams,50
Southampton,38,Southampton,Sheffield Utd,Che Adams,71
Southampton,38,Southampton,Sheffield Utd,Danny Ings (P),84
Sheffield Utd,38,Southampton,Sheffield Utd,John Lundstram,26
West Ham,38,West Ham,Aston Villa,Andriy Yarmolenko,85
Aston Villa,38,West Ham,Aston Villa,Jack Grealish,84
