Player,Nation,Pos,Squad,Age,Born,90s,Tackles Tkl,Tackles TklW,Tackles Def 3rd,Tackles Mid 3rd,Tackles Att 3rd,Vs Dribbles Tkl,Vs Dribbles Att,Vs Dribbles Tkl%,Vs Dribbles Past,Pressures Press,Pressures Succ,Pressures %,Pressures Def 3rd,Pressures Mid 3rd,Pressures Att 3rd,Blocks Blocks,Blocks Sh,Blocks ShSv,Blocks Pass,Int,Tkl+Int,Clr,Err,Player Link
Patrick van Aanholt,nl NED,DF,Crystal Palace,30-139,1990,9.2,1.30,0.87,0.76,0.54,0.00,0.65,1.20,54.5,0.54,7.93,2.93,37.0,4.78,2.17,0.98,1.09,0.22,0.00,0.87,1.63,2.93,1.52,0.11,/en/players/5f09991f/Patrick-van-Aanholt
Tammy Abraham,eng ENG,FW,Chelsea,23-105,1997,8.7,0.57,0.23,0.11,0.34,0.11,0.00,0.34,0.0,0.34,13.0,2.99,23.0,0.92,5.63,6.44,0.80,0.23,0.00,0.57,0.23,0.80,1.26,0.00,/en/players/f586779e/Tammy-Abraham
Che Adams,eng ENG,FW,Southampton,24-186,1996,15.0,1.13,0.53,0.27,0.53,0.33,0.20,0.93,21.4,0.73,12.9,4.33,33.7,1.80,4.33,6.73,0.60,0.07,0.00,0.53,0.20,1.33,0.73,0.00,/en/players/f2bf1b0f/Che-Adams
Tosin Adarabioyo,eng ENG,DF,Fulham,23-113,1997,12.0,1.83,1.08,1.58,0.25,0.00,0.75,1.08,69.2,0.33,5.25,1.67,31.7,4.17,1.00,0.08,0.75,0.50,0.00,0.25,1.25,3.08,6.67,0.08,/en/players/c81d773d/Tosin-Adarabioyo
Adrián,es ESP,GK,Liverpool,34-012,1987,2.0,0.00,0.00,0.00,0.00,0.00,0.00,0.00,,0.00,0.50,0.00,0.0,0.50,0.00,0.00,0.00,0.00,0.00,0.00,0.00,0.00,0.00,0.50,/en/players/f76e6b4e/Adrian
Sergio Agüero,ar ARG,FW,Manchester City,32-227,1988,1.6,0.00,0.00,0.00,0.00,0.00,0.00,0.63,0.0,0.63,11.9,2.50,21.1,2.50,1.88,7.50,1.88,0.00,0.00,1.88,0.00,0.00,0.63,0.00,/en/players/4d034881/Sergio-Aguero
Ola Aina,ng NGA,DF,Fulham,24-099,1996,13.0,1.77,0.92,1.08,0.54,0.15,0.54,1.31,41.2,0.77,8.00,2.08,26.0,4.23,3.00,0.77,1.38,0.23,0.00,1.15,1.46,3.23,3.46,0.00,/en/players/246d153b/Ola-Aina
Rayan Aït Nouri,fr FRA,DF,Wolves,19-223,2001,6.9,1.88,0.87,0.72,1.01,0.14,1.01,1.88,53.8,0.87,13.3,3.77,28.3,6.09,5.22,2.03,1.45,0.00,0.00,1.45,0.87,2.75,2.32,0.00,/en/players/9b398aea/Rayan-Ait-Nouri
Semi Ajayi,ng NGA,DF,West Brom,27-067,1993,16.0,2.31,1.63,1.69,0.50,0.13,0.56,1.13,50.0,0.56,11.6,4.81,41.4,7.81,3.25,0.56,2.06,1.19,0.06,0.88,0.94,3.25,4.06,0.06,/en/players/d6192210/Semi-Ajayi
Nathan Aké,nl NED,DF,Manchester City,25-332,1995,5.2,0.96,0.38,0.58,0.19,0.19,0.38,0.38,100.0,0.00,5.58,2.12,37.9,1.73,2.69,1.15,0.77,0.19,0.00,0.58,0.58,1.54,2.69,0.00,/en/players/eaeca114/Nathan-Ake
Marc Albrighton,eng ENG,"DF,FW",Leicester City,31-058,1989,7.8,2.05,1.54,1.03,0.77,0.26,0.77,1.92,40.0,1.15,17.7,7.69,43.5,7.05,5.90,4.74,2.05,0.26,0.13,1.79,1.28,3.33,1.79,0.00,/en/players/b827d5b3/Marc-Albrighton
Thiago Alcántara,es ESP,MF,Liverpool,29-279,1991,2.7,2.22,2.22,0.74,1.48,0.00,1.11,2.22,50.0,1.11,13.0,4.07,31.4,2.22,7.78,2.96,1.11,0.00,0.00,1.11,1.48,3.70,1.11,0.00,/en/players/77e84962/Thiago-Alcantara
Toby Alderweireld,be BEL,DF,Tottenham,31-319,1989,10.9,1.74,0.55,1.10,0.64,0.00,0.83,1.19,69.2,0.37,8.53,2.57,30.1,5.96,2.57,0.00,2.02,1.28,0.00,0.73,0.09,1.83,6.42,0.00,/en/players/f7d50789/Toby-Alderweireld
Trent Alexander-Arnold,eng ENG,DF,Liverpool,22-100,1998,13.5,1.48,0.74,0.67,0.59,0.22,0.89,1.33,66.7,0.44,8.67,2.89,33.3,3.26,2.96,2.44,1.11,0.15,0.00,0.96,0.52,2.00,1.33,0.07,/en/players/cd1acf9d/Trent-Alexander-Arnold
Ezgjan Alioski,mk MKD,"DF,MF",Leeds United,28-338,1992,10.8,2.22,1.11,0.65,1.30,0.28,0.28,1.85,15.0,1.57,16.2,4.72,29.1,7.13,6.48,2.59,1.94,0.46,0.00,1.48,1.20,3.43,1.76,0.00,/en/players/1a7fcf39/Ezgjan-Alioski
Alisson,br BRA,GK,Liverpool,28-105,1992,14.0,0.00,0.00,0.00,0.00,0.00,0.00,0.07,0.0,0.07,0.14,0.00,0.0,0.14,0.00,0.00,0.00,0.00,0.00,0.00,0.00,0.00,0.00,0.07,/en/players/7a2e46a8/Alisson
Allan,br BRA,MF,Everton,30-007,1991,11.4,3.16,2.11,1.40,1.58,0.18,1.14,3.95,28.9,2.81,27.1,7.81,28.8,11.9,13.5,1.67,2.02,0.53,0.00,1.49,0.61,3.77,1.14,0.00,/en/players/cc700722/Allan
Dele Alli,eng ENG,"MF,FW",Tottenham,24-279,1996,0.9,2.22,1.11,2.22,0.00,0.00,1.11,1.11,100.0,0.00,42.2,7.78,18.4,6.67,18.9,16.7,0.00,0.00,0.00,0.00,1.11,3.33,1.11,0.00,/en/players/cea4ee8f/Dele-Alli
Miguel Almirón,py PAR,"MF,FW",Newcastle Utd,26-340,1994,9.4,1.91,0.96,1.06,0.64,0.21,0.53,2.34,22.7,1.81,19.3,3.83,19.9,7.55,7.34,4.36,1.91,0.11,0.00,1.81,1.17,3.09,1.17,0.11,/en/players/862a1c15/Miguel-Almiron
Marcos Alonso,es ESP,DF,Chelsea,30-018,1990,2.5,0.40,0.00,0.00,0.40,0.00,0.00,1.20,0.0,1.20,14.8,4.40,29.7,8.80,4.40,1.60,3.20,0.40,0.00,2.80,0.40,0.80,4.00,0.00,/en/players/f4290206/Marcos-Alonso
Steven Alzate,co COL,MF,Brighton,22-129,1998,5.8,2.07,1.72,1.38,0.34,0.34,0.34,0.86,40.0,0.52,16.9,6.21,36.7,5.52,7.59,3.79,2.24,0.17,0.00,2.07,0.52,2.59,0.34,0.17,/en/players/ad1f61f3/Steven-Alzate
Daniel Amartey,gh GHA,DF,Leicester City,26-025,1994,2.9,0.69,0.34,0.00,0.34,0.34,0.34,1.03,33.3,0.69,8.62,2.41,28.0,4.48,3.10,1.03,1.38,0.34,0.00,1.03,1.03,1.72,4.14,0.00,/en/players/1a4ef233/Daniel-Amartey
Ethan Ampadu,wal WAL,"MF,DF",Sheffield Utd,20-123,2000,10.8,3.15,1.94,1.20,1.57,0.37,1.02,2.50,40.7,1.48,17.1,5.37,31.4,7.69,6.85,2.59,1.94,0.65,0.00,1.30,1.11,4.26,3.52,0.00,/en/players/10b9fa99/Ethan-Ampadu
Joachim Andersen,dk DEN,DF,Fulham,24-229,1996,9.7,1.03,0.72,0.72,0.21,0.10,0.41,0.93,44.4,0.52,5.46,1.86,34.0,3.81,1.44,0.21,1.44,0.72,0.00,0.72,1.03,2.06,5.77,0.00,/en/players/e34fc66d/Joachim-Andersen
Felipe Anderson,br BRA,"FW,MF",West Ham,27-275,1993,0.0,1,1,0,1,0,0,2,0.0,2,3,1,33.3,1,2,0,0,0,0,0,0,1,0,0,/en/players/9f1893b9/Felipe-Anderson
Michail Antonio,eng ENG,FW,West Ham,30-293,1990,6.4,0.47,0.31,0.00,0.47,0.00,0.00,0.63,0.0,0.63,13.6,4.38,32.2,0.16,6.09,7.34,0.63,0.31,0.00,0.31,0.47,0.94,0.31,0.00,/en/players/ac05f970/Michail-Antonio
Alphonse Areola,fr FRA,GK,Fulham,27-323,1993,15.0,0.00,0.00,0.00,0.00,0.00,0.00,0.00,,0.00,0.13,0.00,0.0,0.13,0.00,0.00,0.00,0.00,0.00,0.00,0.00,0.00,0.00,0.00,/en/players/2f965a72/Alphonse-Areola
Stuart Armstrong,sco SCO,MF,Southampton,28-291,1992,12.5,2.64,1.76,0.88,1.28,0.48,0.72,2.64,27.3,1.92,16.8,5.20,31.0,5.04,8.08,3.68,1.60,0.08,0.00,1.52,0.80,3.44,0.80,0.00,/en/players/97333cf5/Stuart-Armstrong
Kepa Arrizabalaga,es ESP,GK,Chelsea,26-104,1994,3.0,0.00,0.00,0.00,0.00,0.00,0.00,0.33,0.0,0.33,0.33,0.00,0.0,0.33,0.00,0.00,0.00,0.00,0.00,0.00,0.00,0.00,0.00,1.00,/en/players/28d596a0/Kepa-Arrizabalaga
Pierre-Emerick Aubameyang,ga GAB,FW,Arsenal,31-211,1989,16.0,0.63,0.19,0.19,0.38,0.06,0.19,0.81,23.1,0.63,11.8,2.75,23.4,2.00,4.75,5.00,1.06,0.06,0.00,1.00,0.13,0.75,0.69,0.00,/en/players/d5dd5f1f/Pierre-Emerick-Aubameyang
Serge Aurier,ci CIV,DF,Tottenham,28-022,1992,8.7,5.06,2.53,3.56,1.26,0.23,1.61,3.56,45.2,1.95,24.0,7.01,29.2,14.5,7.13,2.41,1.84,0.34,0.00,1.49,1.49,6.55,3.22,0.11,/en/players/5c2b4f07/Serge-Aurier
Charlie Austin,eng ENG,FW,West Brom,31-194,1989,1.5,2.00,1.33,0.67,0.67,0.67,0.67,0.67,100.0,0.00,15.3,4.67,30.4,3.33,5.33,6.67,0.00,0.00,0.00,0.00,1.33,3.33,2.67,0.00,/en/players/8d228291/Charlie-Austin
Jordan Ayew,gh GHA,"FW,MF",Crystal Palace,29-126,1991,8.5,1.88,1.41,0.47,0.94,0.47,0.24,1.06,22.2,0.82,25.5,7.88,30.9,3.06,13.2,9.29,0.94,0.00,0.00,0.94,0.94,2.82,0.47,0.00,/en/players/da052c14/Jordan-Ayew
Luke Ayling,eng ENG,DF,Leeds United,29-143,1991,16.8,2.50,1.43,1.25,1.07,0.18,0.60,2.08,28.6,1.49,12.7,5.06,39.9,6.67,4.70,1.31,2.44,1.01,0.06,1.43,1.01,3.51,2.02,0.12,/en/players/420d7c7d/Luke-Ayling
César Azpilicueta,es ESP,DF,Chelsea,31-140,1989,6.6,1.67,0.91,0.45,0.91,0.30,0.61,1.06,57.1,0.45,14.5,5.00,34.4,6.36,5.61,2.58,2.88,0.45,0.00,2.42,0.61,2.27,3.03,0.15,/en/players/53cad200/Cesar-Azpilicueta
Eric Bailly,ci CIV,DF,Manchester Utd,26-278,1994,5.1,0.78,0.59,0.39,0.20,0.20,0.00,0.00,,0.00,5.69,2.16,37.9,2.94,2.75,0.00,1.96,1.76,0.00,0.20,2.75,3.53,5.29,0.00,/en/players/a1232f4e/Eric-Bailly
Fabián Balbuena,py PAR,DF,West Ham,29-145,1991,12.0,1.83,1.08,1.50,0.33,0.00,0.75,1.50,50.0,0.75,9.83,3.42,34.7,6.33,3.42,0.08,1.83,0.33,0.00,1.50,1.00,2.83,6.75,0.08,/en/players/3626f7d9/Fabian-Balbuena
George Baldock,eng ENG,DF,Sheffield Utd,27-312,1993,16.0,1.69,0.50,1.00,0.50,0.19,0.69,1.56,44.0,0.88,13.6,3.38,24.8,5.88,5.13,2.63,1.38,0.19,0.00,1.19,0.63,2.31,2.44,0.00,/en/players/394854c4/George-Baldock
Gareth Bale,wal WAL,FW,Tottenham,31-183,1989,1.8,1.11,0.56,0.56,0.00,0.56,0.56,1.11,50.0,0.56,11.7,2.78,23.8,1.67,5.56,4.44,1.11,0.00,0.00,1.11,0.56,1.67,2.22,0.00,/en/players/a58bb1e1/Gareth-Bale
Patrick Bamford,eng ENG,FW,Leeds United,27-132,1993,16.2,0.93,0.56,0.19,0.37,0.37,0.25,0.86,28.6,0.62,14.2,4.14,29.1,0.99,6.23,6.98,0.56,0.25,0.00,0.31,0.25,1.17,1.17,0.00,/en/players/93feac6e/Patrick-Bamford
Phil Bardsley,sco SCO,DF,Burnley,35-201,1985,3.0,2.00,1.33,1.67,0.33,0.00,0.67,1.33,50.0,0.67,12.3,3.00,24.3,5.00,6.33,1.00,1.00,0.00,0.00,1.00,1.00,3.00,4.33,0.00,/en/players/1ae30132/Phil-Bardsley
Ross Barkley,eng ENG,MF,Aston Villa,27-041,1993,5.0,0.60,0.00,0.40,0.20,0.00,0.40,1.20,33.3,0.80,16.0,4.60,28.8,2.00,9.00,5.00,2.20,0.40,0.00,1.80,0.40,1.00,0.40,0.00,/en/players/3a24769f/Ross-Barkley
Ross Barkley,eng ENG,MF,Chelsea,27-041,1993,0.5,0.00,0.00,0.00,0.00,0.00,0.00,0.00,,0.00,10.0,2.00,20.0,4.00,4.00,2.00,0.00,0.00,0.00,0.00,0.00,0.00,0.00,0.00,/en/players/3a24769f/Ross-Barkley
Ashley Barnes,eng ENG,FW,Burnley,31-077,1989,9.7,1.24,0.52,0.21,0.62,0.41,0.41,0.93,44.4,0.52,14.3,3.40,23.7,1.65,5.98,6.70,1.24,0.21,0.00,1.03,0.31,1.55,0.52,0.00,/en/players/2691c772/Ashley-Barnes
Harvey Barnes,eng ENG,"FW,MF",Leicester City,23-037,1997,13.2,0.91,0.45,0.38,0.15,0.38,0.23,0.76,30.0,0.53,10.5,3.26,30.9,2.58,4.24,3.71,1.06,0.23,0.00,0.83,0.91,1.82,0.53,0.00,/en/players/3ea50f67/Harvey-Barnes
Kyle Bartley,eng ENG,DF,West Brom,29-238,1991,8.3,0.84,0.24,0.72,0.12,0.00,0.36,1.20,30.0,0.84,7.11,1.93,27.1,4.46,2.41,0.24,2.41,1.20,0.12,1.20,0.36,1.20,6.87,0.00,/en/players/18e96f64/Kyle-Bartley
Chris Basham,eng ENG,"DF,MF",Sheffield Utd,32-179,1988,16.4,2.62,1.52,1.40,0.98,0.24,1.16,1.95,59.4,0.79,12.0,3.23,27.0,6.04,4.02,1.89,1.59,0.43,0.12,1.16,1.10,3.72,3.96,0.06,/en/players/1aa84968/Chris-Basham
Michy Batshuayi,be BEL,FW,Crystal Palace,27-105,1993,4.8,0.42,0.42,0.21,0.21,0.00,0.21,1.25,16.7,1.04,11.7,2.71,23.2,1.04,5.83,4.79,1.88,0.21,0.00,1.67,0.42,0.83,0.83,0.21,/en/players/2973d8ff/Michy-Batshuayi
Jan Bednarek,pl POL,DF,Southampton,24-278,1996,16.0,0.94,0.56,0.69,0.19,0.06,0.31,0.94,33.3,0.63,6.31,2.31,36.6,4.19,2.00,0.13,1.69,0.69,0.00,1.00,1.44,2.38,5.69,0.06,/en/players/4115ce4e/Jan-Bednarek
Donny van de Beek,nl NED,"MF,FW",Manchester Utd,23-272,1997,2.9,2.76,2.41,1.03,1.72,0.00,0.69,2.07,33.3,1.38,18.3,5.17,28.3,2.41,10.3,5.52,3.10,0.34,0.00,2.76,1.03,3.79,1.03,0.00,/en/players/50dc94ce/Donny-van-de-Beek
Héctor Bellerín,es ESP,DF,Arsenal,25-302,1995,15.2,1.25,0.79,0.66,0.46,0.13,0.39,1.51,26.1,1.12,8.36,2.76,33.1,2.83,4.21,1.32,2.76,0.53,0.00,2.24,0.26,1.51,1.78,0.00,/en/players/f874dd44/Hector-Bellerin
Saïd Benrahma,dz ALG,"MF,FW",West Ham,25-158,1995,4.4,2.27,1.59,0.91,1.36,0.00,0.68,1.82,37.5,1.14,18.4,5.45,29.6,5.45,9.55,3.41,1.36,0.00,0.00,1.36,1.14,3.41,0.45,0.00,/en/players/5a04fd92/Said-Benrahma
Josh Benson,eng ENG,MF,Burnley,21-041,1999,2.8,2.50,1.79,1.43,0.36,0.71,1.07,2.50,42.9,1.43,10.7,3.57,33.3,3.93,5.36,1.43,1.07,0.36,0.00,0.71,0.36,2.86,0.36,0.00,/en/players/bf3aeb61/Josh-Benson
Christian Benteke,be BEL,FW,Crystal Palace,30-043,1990,6.9,0.87,0.58,0.00,0.43,0.43,0.00,0.58,0.0,0.58,11.9,3.62,30.5,1.16,6.52,4.20,1.01,0.43,0.14,0.58,0.14,1.01,2.17,0.00,/en/players/ab070c55/Christian-Benteke
Jóhann Berg Guðmundsson,is ISL,MF,Burnley,30-080,1990,3.7,0.81,0.54,0.00,0.54,0.27,0.27,1.35,20.0,1.08,7.03,1.62,23.1,1.89,3.51,1.62,1.08,0.00,0.00,1.08,0.54,1.35,0.81,0.00,/en/players/f72293fc/Johann-Berg-Gudmundsson
Sander Berge,no NOR,MF,Sheffield Utd,22-336,1998,11.3,1.86,1.42,0.80,0.71,0.35,0.44,1.50,29.4,1.06,16.9,4.87,28.8,5.93,8.32,2.65,1.77,0.18,0.00,1.59,0.27,2.12,1.50,0.09,/en/players/d0b6129f/Sander-Berge
Steven Bergwijn,nl NED,"FW,MF",Tottenham,23-099,1997,7.6,1.05,0.53,0.53,0.26,0.26,0.39,2.24,17.6,1.84,19.3,3.95,20.4,5.39,7.50,6.45,1.18,0.13,0.00,1.05,0.66,1.71,0.53,0.00,/en/players/a29b1131/Steven-Bergwijn
Bernard,br BRA,"FW,MF",Everton,28-129,1992,3.0,1.33,1.00,0.33,0.33,0.67,0.67,2.33,28.6,1.67,15.3,3.33,21.7,5.00,6.33,4.00,2.33,0.00,0.00,2.33,1.33,2.67,0.33,0.00,/en/players/ab4b3e35/Bernard
Bernardo,br BRA,"DF,MF",Brighton,25-246,1995,2.3,3.48,2.17,2.61,0.43,0.43,1.74,2.61,66.7,0.87,14.8,5.65,38.2,6.52,3.91,4.35,2.61,0.00,0.00,2.61,0.00,3.48,1.30,0.00,/en/players/17370b95/Bernardo
Ryan Bertrand,eng ENG,DF,Southampton,31-163,1989,15.9,2.70,1.70,1.07,1.38,0.25,1.07,1.70,63.0,0.63,10.3,4.34,42.3,3.52,5.53,1.19,1.95,0.25,0.00,1.70,0.69,3.40,1.82,0.00,/en/players/01226327/Ryan-Bertrand
Yves Bissouma,ml MLI,MF,Brighton,24-138,1996,15.3,3.33,2.22,1.90,1.18,0.26,0.92,2.61,35.0,1.70,15.7,5.75,36.7,6.86,7.52,1.31,1.70,0.13,0.00,1.57,0.85,4.18,1.70,0.00,/en/players/6c203af0/Yves-Bissouma
Jayden Bogle,eng ENG,"DF,MF",Sheffield Utd,20-172,2000,2.4,2.08,0.83,0.83,1.25,0.00,0.83,2.92,28.6,2.08,21.7,5.00,23.1,10.4,5.83,5.42,4.17,0.42,0.00,3.75,0.83,2.92,1.25,0.00,/en/players/ae5019e6/Jayden-Bogle
Willy Boly,ci CIV,DF,Wolves,29-347,1991,12.0,1.83,1.08,1.42,0.42,0.00,0.75,1.67,45.0,0.92,6.58,1.75,26.6,4.17,2.17,0.25,1.42,0.50,0.00,0.92,1.00,2.83,5.08,0.00,/en/players/a4ac4b8f/Willy-Boly
Jarrod Bowen,eng ENG,"FW,MF",West Ham,24-026,1996,14.3,0.70,0.56,0.49,0.21,0.00,0.21,1.19,17.6,0.98,9.58,2.87,29.9,2.73,3.71,3.15,1.19,0.07,0.00,1.12,0.63,1.33,0.07,0.00,/en/players/79c84d1c/Jarrod-Bowen
Robbie Brady,ie IRL,MF,Burnley,29-001,1992,7.5,1.60,1.07,0.93,0.27,0.40,0.53,3.07,17.4,2.53,17.2,4.13,24.0,5.60,8.40,3.20,2.40,0.00,0.00,2.40,1.20,2.80,1.73,0.13,/en/players/96bb8cc2/Robbie-Brady
Rhian Brewster,eng ENG,FW,Sheffield Utd,20-289,2000,7.1,0.70,0.28,0.14,0.28,0.28,0.00,0.99,0.0,0.99,15.6,4.23,27.0,0.42,7.46,7.75,1.27,0.28,0.00,0.99,0.28,0.99,0.14,0.00,/en/players/30e81a88/Rhian-Brewster
Josh Brownhill,eng ENG,MF,Burnley,25-027,1995,15.0,2.20,1.20,0.53,1.27,0.40,0.47,1.80,25.9,1.33,16.3,4.80,29.5,4.27,9.33,2.67,2.13,0.60,0.07,1.53,1.93,4.13,1.80,0.00,/en/players/47369df8/Josh-Brownhill
Joe Bryan,eng ENG,"DF,FW",Fulham,27-120,1993,3.8,2.89,1.58,1.05,1.32,0.53,1.05,2.11,50.0,1.05,10.5,3.68,35.0,3.95,3.68,2.89,3.42,0.26,0.00,3.16,2.11,5.00,2.63,0.00,/en/players/af69e7f0/Joe-Bryan
Kean Bryan,eng ENG,DF,Sheffield Utd,24-075,1996,1.7,1.76,0.59,1.18,0.59,0.00,0.59,1.76,33.3,1.18,11.8,2.94,25.0,6.47,4.71,0.59,2.94,1.76,0.00,1.18,2.35,4.12,4.71,0.00,/en/players/c684d3c9/Kean-Bryan
Oliver Burke,sco SCO,FW,Sheffield Utd,23-283,1997,7.4,1.35,0.68,0.41,0.54,0.41,0.27,1.89,14.3,1.62,27.3,5.54,20.3,2.16,11.2,13.9,2.03,0.00,0.00,2.03,0.27,1.62,0.27,0.00,/en/players/f631c17f/Oliver-Burke
Dan Burn,eng ENG,DF,Brighton,28-251,1992,9.1,1.98,0.55,1.43,0.44,0.11,0.44,1.98,22.2,1.54,13.7,4.29,31.2,6.59,4.84,2.31,1.76,0.22,0.00,1.54,0.99,2.97,3.08,0.00,/en/players/b2d31e83/Dan-Burn
Oskar Buur,dk DEN,DF,Wolves,22-290,1998,0.2,0.00,0.00,0.00,0.00,0.00,0.00,5.00,0.0,5.00,25.0,0.00,0.0,15.0,0.00,10.0,0.00,0.00,0.00,0.00,0.00,0.00,0.00,0.00,/en/players/aa6f2f2c/Oskar-Buur
Willy Caballero,ar ARG,GK,Chelsea,39-109,1981,1.0,0.00,0.00,0.00,0.00,0.00,0.00,0.00,,0.00,0.00,0.00,,0.00,0.00,0.00,0.00,0.00,0.00,0.00,0.00,0.00,0.00,0.00,/en/players/a179d516/Willy-Caballero
Gary Cahill,eng ENG,DF,Crystal Palace,35-027,1985,5.0,0.40,0.40,0.40,0.00,0.00,0.00,0.60,0.0,0.60,4.80,1.60,33.3,3.20,1.00,0.60,1.60,0.80,0.00,0.80,0.20,0.60,5.00,0.20,/en/players/7914b9fe/Gary-Cahill
Tom Cairney,sco SCO,MF,Fulham,29-361,1991,8.4,0.60,0.48,0.12,0.24,0.24,0.00,0.36,0.0,0.36,7.74,2.50,32.3,2.14,3.81,1.79,0.71,0.00,0.00,0.71,0.12,0.71,0.36,0.00,/en/players/a8748947/Tom-Cairney
Dominic Calvert-Lewin,eng ENG,FW,Everton,23-305,1997,15.6,0.51,0.45,0.00,0.19,0.32,0.00,0.26,0.0,0.26,10.2,3.65,35.8,0.58,4.04,5.58,0.96,0.38,0.00,0.58,0.26,0.77,0.58,0.00,/en/players/59e6e5bf/Dominic-Calvert-Lewin
João Cancelo,pt POR,DF,Manchester City,26-233,1994,12.0,3.17,1.58,1.67,1.17,0.33,1.42,3.25,43.6,1.83,12.3,3.75,30.6,4.50,4.92,2.83,1.33,0.17,0.00,1.17,1.67,4.83,1.33,0.00,/en/players/bd6351cd/Joao-Cancelo
Ian Carlo Poveda,eng ENG,"MF,DF",Leeds United,20-341,2000,2.6,2.69,1.92,2.31,0.00,0.38,1.92,3.85,50.0,1.92,16.2,4.62,28.6,5.77,6.92,3.46,1.15,0.38,0.00,0.77,0.00,2.69,0.00,0.00,/en/players/55b4f1d6/Ian-Carlo-Poveda
Andy Carroll,eng ENG,FW,Newcastle Utd,32-009,1989,2.5,0.00,0.00,0.00,0.00,0.00,0.00,0.80,0.0,0.80,13.6,3.60,26.5,0.40,7.20,6.00,0.40,0.00,0.00,0.40,0.40,0.40,4.00,0.00,/en/players/b581987a/Andy-Carroll
Matty Cash,eng ENG,DF,Aston Villa,23-161,1997,13.6,2.65,1.40,1.40,0.88,0.37,1.25,2.35,53.1,1.10,14.4,4.04,28.1,7.50,5.59,1.32,2.57,0.51,0.00,2.06,1.25,3.90,3.53,0.07,/en/players/2389cdc2/Matty-Cash
Timothy Castagne,be BEL,DF,Leicester City,25-041,1995,8.7,2.53,1.84,1.26,1.03,0.23,0.69,1.26,54.5,0.57,14.0,3.56,25.4,5.75,4.71,3.56,2.53,0.11,0.00,2.41,1.03,3.56,2.30,0.00,/en/players/197640fd/Timothy-Castagne
Ivan Cavaleiro,pt POR,FW,Fulham,27-089,1993,11.7,0.94,0.77,0.43,0.34,0.17,0.09,0.60,14.3,0.51,15.8,4.53,28.6,2.48,7.44,5.90,1.62,0.09,0.00,1.54,0.34,1.28,0.43,0.09,/en/players/979b811d/Ivan-Cavaleiro
Edinson Cavani,uy URU,FW,Manchester Utd,33-336,1987,4.4,0.45,0.45,0.00,0.45,0.00,0.00,0.91,0.0,0.91,15.9,4.09,25.7,1.36,6.14,8.41,0.68,0.23,0.00,0.45,0.91,1.36,0.91,0.00,/en/players/527f063d/Edinson-Cavani
Dani Ceballos,es ESP,MF,Arsenal,24-161,1996,11.3,2.21,2.04,1.06,0.88,0.27,0.62,2.92,21.2,2.30,14.4,4.07,28.2,6.99,5.04,2.39,1.50,0.44,0.09,1.06,1.68,3.89,1.15,0.00,/en/players/c0617e2b/Dani-Ceballos
Ben Chilwell,eng ENG,DF,Chelsea,24-025,1996,13.0,2.23,1.46,0.85,1.08,0.31,0.69,1.69,40.9,1.00,11.2,3.92,34.9,4.15,5.08,2.00,2.38,0.23,0.00,2.15,0.92,3.15,2.38,0.00,/en/players/d2424d1b/Ben-Chilwell
Hamza Choudhury,eng ENG,MF,Leicester City,23-106,1997,0.8,3.75,0.00,3.75,0.00,0.00,1.25,1.25,100.0,0.00,13.8,3.75,27.3,8.75,5.00,0.00,1.25,0.00,0.00,1.25,1.25,5.00,0.00,0.00,/en/players/7d2d3329/Hamza-Choudhury
Andreas Christensen,dk DEN,DF,Chelsea,24-280,1996,4.5,1.33,1.11,1.33,0.00,0.00,0.67,0.89,75.0,0.22,6.67,2.44,36.7,4.89,1.33,0.44,2.00,1.11,0.00,0.89,1.33,2.67,4.67,0.00,/en/players/1cb49278/Andreas-Christensen
Ciaran Clark,ie IRL,DF,Newcastle Utd,31-111,1989,9.0,1.33,0.67,0.78,0.33,0.22,0.00,0.33,0.0,0.33,8.00,2.22,27.8,5.11,2.33,0.56,2.56,0.78,0.00,1.78,0.78,2.11,5.33,0.00,/en/players/2b91cf8e/Ciaran-Clark
Nathaniel Clyne,eng ENG,DF,Crystal Palace,29-285,1991,8.8,1.48,0.45,0.91,0.57,0.00,0.45,0.80,57.1,0.34,8.18,2.84,34.7,4.55,2.27,1.36,1.93,0.23,0.00,1.70,0.80,2.27,1.70,0.00,/en/players/0442183b/Nathaniel-Clyne
Conor Coady,eng ENG,DF,Wolves,27-325,1993,17.0,0.76,0.47,0.53,0.24,0.00,0.29,1.00,29.4,0.71,5.06,1.71,33.7,3.65,1.41,0.00,1.71,1.06,0.00,0.65,0.88,1.65,4.06,0.06,/en/players/2928dca2/Conor-Coady
Séamus Coleman,ie IRL,DF,Everton,32-096,1988,6.4,2.03,1.72,1.25,0.63,0.16,0.94,2.19,42.9,1.25,11.1,3.13,28.2,6.72,2.81,1.56,1.88,0.31,0.00,1.56,0.31,2.34,2.50,0.00,/en/players/0420d84f/Seamus-Coleman
Aaron Connolly,ie IRL,FW,Brighton,20-353,2000,6.5,0.77,0.62,0.15,0.46,0.15,0.15,0.62,25.0,0.46,14.2,4.62,32.6,0.77,6.31,7.08,0.46,0.15,0.00,0.31,0.00,0.77,0.00,0.00,/en/players/27c01749/Aaron-Connolly
Liam Cooper,sco SCO,DF,Leeds United,29-138,1991,10.8,3.06,1.94,2.13,0.93,0.00,1.67,2.78,60.0,1.11,12.4,5.28,42.5,7.50,4.54,0.37,1.57,1.02,0.00,0.56,1.39,4.44,4.44,0.00,/en/players/dc64b8b3/Liam-Cooper
Hélder Costa,pt POR,MF,Leeds United,27-003,1994,7.5,2.13,1.07,1.07,0.40,0.67,0.67,2.27,29.4,1.60,19.3,5.87,30.3,7.07,6.00,6.27,1.73,0.00,0.00,1.73,0.40,2.53,0.53,0.00,/en/players/f13d02a6/Helder-Costa
Vladimír Coufal,cz CZE,DF,West Ham,28-146,1992,12.9,3.33,1.78,2.64,0.62,0.08,2.02,3.49,57.8,1.47,12.4,3.41,27.5,6.82,3.49,2.09,2.71,0.16,0.00,2.56,0.78,4.11,3.49,0.08,/en/players/fdf3cb77/Vladimir-Coufal
Aaron Cresswell,eng ENG,DF,West Ham,31-031,1989,17.0,1.00,0.47,0.53,0.35,0.12,0.47,1.06,44.4,0.59,6.18,1.65,26.7,3.53,2.47,0.18,1.53,0.41,0.00,1.12,0.71,1.71,2.59,0.00,/en/players/4f974391/Aaron-Cresswell
Patrick Cutrone,it ITA,FW,Wolves,23-012,1998,0.1,0.00,0.00,0.00,0.00,0.00,0.00,0.00,,0.00,50.0,20.0,40.0,20.0,0.00,30.0,0.00,0.00,0.00,0.00,0.00,0.00,0.00,0.00,/en/players/a4fe8cda/Patrick-Cutrone
Stuart Dallas,nir NIR,"DF,MF",Leeds United,29-271,1991,16.9,2.96,1.95,1.78,0.95,0.24,1.18,3.08,38.5,1.89,14.3,5.44,38.0,6.63,6.09,1.60,1.66,0.00,0.00,1.66,1.42,4.38,1.42,0.06,/en/players/67ca8566/Stuart-Dallas
Scott Dann,eng ENG,DF,Crystal Palace,33-336,1987,8.0,1.00,0.88,0.88,0.13,0.00,0.38,1.00,37.5,0.63,4.50,1.63,36.1,2.88,1.50,0.13,1.25,0.63,0.00,0.63,0.25,1.25,4.00,0.13,/en/players/52105203/Scott-Dann
Karl Darlow,eng ENG,GK,Newcastle Utd,30-099,1990,17.0,0.00,0.00,0.00,0.00,0.00,0.00,0.06,0.0,0.06,0.12,0.00,0.0,0.12,0.00,0.00,0.00,0.00,0.00,0.00,0.06,0.06,0.06,0.00,/en/players/cde3309f/Karl-Darlow
Ben Davies,wal WAL,DF,Tottenham,27-266,1993,7.6,1.18,0.39,0.53,0.39,0.26,0.53,1.58,33.3,1.05,13.3,2.63,19.8,5.92,4.61,2.76,1.71,0.53,0.00,1.18,0.53,1.71,4.74,0.00,/en/players/44781702/Ben-Davies
Tom Davies,eng ENG,"MF,DF",Everton,22-199,1998,5.4,2.04,2.04,0.93,1.11,0.00,0.37,2.41,15.4,2.04,16.7,5.93,35.6,7.78,6.48,2.41,1.85,0.56,0.00,1.30,1.67,3.70,0.93,0.00,/en/players/9228b07c/Tom-Davies
Keinan Davis,eng ENG,FW,Aston Villa,22-337,1998,0.6,0.00,0.00,0.00,0.00,0.00,0.00,0.00,,0.00,5.00,3.33,66.7,0.00,1.67,3.33,0.00,0.00,0.00,0.00,0.00,0.00,1.67,0.00,/en/players/9deaf2c8/Keinan-Davis
Leif Davis,eng ENG,DF,Leeds United,21-003,2000,0.4,0.00,0.00,0.00,0.00,0.00,0.00,5.00,0.0,5.00,30.0,0.00,0.0,12.5,15.0,2.50,7.50,2.50,0.00,5.00,5.00,5.00,0.00,0.00,/en/players/8574c61f/Leif-Davis
Craig Dawson,eng ENG,DF,West Ham,30-254,1990,2.0,0.50,0.50,0.50,0.00,0.00,0.00,0.50,0.0,0.50,2.50,1.50,60.0,2.00,0.50,0.00,1.00,0.00,0.00,1.00,0.50,1.00,7.00,0.00,/en/players/3e9e06cb/Craig-Dawson
Kevin De Bruyne,be BEL,MF,Manchester City,29-201,1991,14.2,1.62,1.34,0.28,0.85,0.49,0.49,2.25,21.9,1.76,14.9,5.07,34.1,1.62,6.69,6.55,1.13,0.14,0.00,0.99,0.42,2.04,0.35,0.00,/en/players/e46012d4/Kevin-De-Bruyne
Liam Delap,eng ENG,FW,Manchester City,17-342,2003,0.4,0.00,0.00,0.00,0.00,0.00,0.00,0.00,,0.00,15.0,2.50,16.7,0.00,12.5,2.50,0.00,0.00,0.00,0.00,0.00,0.00,0.00,0.00,/en/players/dd897ee7/Liam-Delap
Fabian Delph,eng ENG,"MF,DF",Everton,31-055,1989,2.4,1.25,0.42,0.83,0.42,0.00,0.00,0.42,0.0,0.42,8.33,1.67,20.0,3.33,5.00,0.00,1.25,0.00,0.00,1.25,1.67,2.92,1.25,0.00,/en/players/111c3236/Fabian-Delph
Leander Dendoncker,be BEL,MF,Wolves,25-275,1995,11.5,1.83,1.13,0.96,0.70,0.17,0.78,2.26,34.6,1.48,18.5,5.39,29.1,7.48,8.26,2.78,1.65,0.35,0.00,1.30,0.52,2.35,1.57,0.00,/en/players/5a7301ae/Leander-Dendoncker
Ibrahima Diallo,fr FRA,MF,Southampton,21-313,1999,2.3,2.61,1.74,1.30,1.30,0.00,1.74,3.04,57.1,1.30,20.4,7.39,36.2,4.78,13.9,1.74,2.17,0.00,0.00,2.17,1.30,3.91,1.74,0.00,/en/players/11ff3d56/Ibrahima-Diallo
Grady Diangana,eng ENG,"MF,FW",West Brom,22-271,1998,11.9,2.44,1.34,1.51,0.42,0.50,1.01,2.44,41.4,1.43,22.4,4.54,20.2,10.8,7.06,4.62,2.18,0.08,0.00,2.10,1.09,3.53,0.34,0.00,/en/players/f522d7ec/Grady-Diangana
Raphael Dias Belloli,br BRA,MF,Leeds United,24-032,1996,9.3,1.08,0.43,0.32,0.65,0.11,0.32,2.37,13.6,2.04,14.3,4.19,29.3,3.23,5.38,5.70,1.29,0.00,0.00,1.29,0.86,1.94,1.18,0.00,/en/players/3423f250/Raphael-Dias-Belloli
Rúben Dias,pt POR,DF,Manchester City,23-246,1997,13.8,0.80,0.58,0.51,0.29,0.00,0.07,0.51,14.3,0.43,5.36,1.81,33.8,3.19,1.67,0.51,1.59,0.80,0.00,0.80,0.51,1.30,3.55,0.00,/en/players/31c69ef1/Ruben-Dias
Eric Dier,eng ENG,DF,Tottenham,27-000,1994,16.0,0.56,0.25,0.31,0.19,0.06,0.31,0.63,50.0,0.31,4.56,1.25,27.4,3.06,1.31,0.19,1.56,1.06,0.00,0.50,0.63,1.19,6.81,0.00,/en/players/ac861941/Eric-Dier
Lucas Digne,fr FRA,"DF,MF",Everton,27-179,1993,8.8,2.05,1.02,1.36,0.45,0.23,0.80,2.05,38.9,1.25,13.9,3.30,23.8,6.25,4.77,2.84,2.39,0.23,0.00,2.16,0.11,2.16,3.07,0.00,/en/players/1b84dbe1/Lucas-Digne
Virgil van Dijk,nl NED,DF,Liverpool,29-191,1991,4.1,0.98,0.24,0.49,0.49,0.00,0.00,0.00,,0.00,3.41,0.73,21.4,1.71,1.71,0.00,0.73,0.49,0.00,0.24,0.00,0.98,3.17,0.24,/en/players/e06683ca/Virgil-van-Dijk
Issa Diop,fr FRA,DF,West Ham,24-006,1997,3.3,0.61,0.61,0.30,0.30,0.00,0.00,0.00,,0.00,5.15,1.82,35.3,2.12,2.12,0.91,1.52,1.21,0.00,0.30,0.61,1.21,3.94,0.30,/en/players/a712ca2b/Issa-Diop
Moussa Djenepo,ml MLI,MF,Southampton,22-214,1998,7.7,3.12,1.69,1.43,0.78,0.91,1.04,3.90,26.7,2.86,23.6,6.75,28.6,5.71,10.1,7.79,2.21,0.00,0.00,2.21,0.13,3.25,0.39,0.00,/en/players/254147d4/Moussa-Djenepo
Matt Doherty,ie IRL,DF,Tottenham,28-365,1992,7.8,1.92,0.64,0.64,0.64,0.64,1.03,2.44,42.1,1.41,12.9,2.69,20.8,5.38,5.00,2.56,2.95,0.51,0.00,2.44,0.64,2.56,3.33,0.00,/en/players/d557d734/Matt-Doherty
Gabriel Dos Santos,br BRA,DF,Arsenal,23-027,1997,11.7,1.28,0.85,0.94,0.34,0.00,0.43,0.85,50.0,0.43,6.50,2.48,38.2,3.85,2.22,0.43,2.05,1.37,0.00,0.68,0.68,1.97,4.36,0.17,/en/players/67ac5bb8/Gabriel-Dos-Santos
Abdoulaye Doucouré,fr FRA,MF,Everton,28-014,1993,16.1,1.86,1.49,1.18,0.43,0.25,0.43,1.49,29.2,1.06,18.5,5.16,27.9,7.52,7.83,3.17,1.68,0.37,0.00,1.30,1.24,3.11,0.81,0.06,/en/players/02b29014/Abdoulaye-Doucoure
Paul Dummett,wal WAL,DF,Newcastle Utd,29-111,1991,1.7,2.35,0.59,1.76,0.59,0.00,1.76,3.53,50.0,1.76,7.65,0.59,7.7,2.94,3.53,1.18,1.18,0.00,0.00,1.18,1.18,3.53,2.94,0.00,/en/players/3fe6bd8c/Paul-Dummett
Lewis Dunk,eng ENG,DF,Brighton,29-055,1991,15.0,1.33,0.67,0.80,0.47,0.07,0.60,0.93,64.3,0.33,5.60,2.13,38.1,3.13,2.20,0.27,1.27,0.80,0.00,0.47,0.60,1.93,3.27,0.00,/en/players/282f75f3/Lewis-Dunk
Jimmy Dunne,ie IRL,DF,Burnley,23-088,1997,2.0,0.50,0.50,0.50,0.00,0.00,0.50,0.50,100.0,0.00,6.50,3.50,53.8,4.00,2.00,0.50,2.00,1.50,0.00,0.50,0.00,0.50,3.50,0.00,/en/players/1fdfd6da/Jimmy-Dunne
Ederson,br BRA,GK,Manchester City,27-151,1993,15.0,0.00,0.00,0.00,0.00,0.00,0.00,0.07,0.0,0.07,0.07,0.00,0.0,0.07,0.00,0.00,0.00,0.00,0.00,0.00,0.00,0.00,0.07,0.07,/en/players/3bb7b8b4/Ederson
Kyle Edwards,eng ENG,"MF,FW",West Brom,22-333,1998,1.3,2.31,0.00,0.77,0.77,0.77,0.00,0.77,0.0,0.77,11.5,1.54,13.3,3.08,6.92,1.54,1.54,0.00,0.00,1.54,0.77,3.08,0.00,0.00,/en/players/1566e437/Kyle-Edwards
John Egan,ie IRL,DF,Sheffield Utd,28-087,1992,16.1,1.49,0.99,1.18,0.25,0.06,0.31,0.99,31.3,0.68,7.95,2.48,31.3,4.84,2.86,0.25,2.11,1.12,0.06,0.99,0.99,2.48,5.09,0.06,/en/players/debe38a0/John-Egan
Ahmed Elmohamady,eg EGY,DF,Aston Villa,33-128,1987,1.5,0.67,0.67,0.00,0.67,0.00,0.67,2.00,33.3,1.33,7.33,2.00,27.3,2.67,4.67,0.00,1.33,0.00,0.00,1.33,2.67,3.33,2.67,0.00,/en/players/615ef733/Ahmed-Elmohamady
Mohamed Elneny,eg EGY,MF,Arsenal,28-188,1992,9.7,0.62,0.31,0.41,0.21,0.00,0.31,0.82,37.5,0.52,11.2,3.40,30.3,4.33,5.15,1.75,1.24,0.41,0.00,0.82,1.24,1.86,1.03,0.10,/en/players/47a34c4f/Mohamed-Elneny
Jonny Evans,nir NIR,DF,Leicester City,33-012,1988,12.9,0.85,0.39,0.62,0.16,0.08,0.31,0.85,36.4,0.54,6.36,2.64,41.5,3.88,2.40,0.08,0.70,0.31,0.00,0.39,1.09,1.94,3.80,0.00,/en/players/f8fcd2a5/Jonny-Evans
Eberechi Eze,eng ENG,MF,Crystal Palace,22-200,1998,11.7,1.20,0.60,0.43,0.51,0.26,0.34,1.37,25.0,1.03,9.32,2.91,31.2,2.74,4.10,2.48,1.54,0.09,0.00,1.45,0.51,1.71,0.17,0.00,/en/players/ae4fc6a4/Eberechi-Eze
Łukasz Fabiański,pl POL,GK,West Ham,35-272,1985,16.0,0.00,0.00,0.00,0.00,0.00,0.00,0.00,,0.00,0.25,0.06,25.0,0.25,0.00,0.00,0.13,0.00,0.00,0.13,0.00,0.00,0.00,0.00,/en/players/9328b835/Lukasz-Fabianski
Fabinho,br BRA,"DF,MF",Liverpool,27-084,1993,14.4,2.57,1.88,0.90,1.53,0.14,1.04,2.15,48.4,1.11,9.10,3.61,39.7,3.54,5.00,0.56,1.46,0.49,0.00,0.97,1.39,3.96,3.82,0.00,/en/players/7f3b388c/Fabinho
Bruno Fernandes,pt POR,MF,Manchester Utd,26-129,1994,15.4,2.27,1.69,0.84,0.97,0.45,0.71,2.92,24.4,2.21,19.8,5.06,25.6,3.05,9.55,7.21,1.95,0.06,0.00,1.88,0.45,2.73,0.84,0.00,/en/players/507c7bdf/Bruno-Fernandes
Federico Fernández,ar ARG,DF,Newcastle Utd,31-329,1989,15.3,1.83,0.92,1.31,0.39,0.13,0.72,1.24,57.9,0.52,8.37,2.42,28.9,5.62,2.35,0.39,2.42,1.50,0.00,0.92,0.46,2.29,6.54,0.07,/en/players/f25b010f/Federico-Fernandez
Fernandinho,br BRA,MF,Manchester City,35-256,1985,3.8,1.84,1.32,0.00,1.32,0.53,0.53,2.63,20.0,2.11,14.2,3.95,27.8,1.58,10.5,2.11,0.53,0.00,0.00,0.53,1.05,2.89,1.32,0.00,/en/players/101da2b5/Fernandinho
Sam Field,eng ENG,MF,West Brom,22-252,1998,0.7,12.9,10.0,5.71,7.14,0.00,2.86,4.29,66.7,1.43,31.4,14.3,45.5,11.4,18.6,1.43,8.57,1.43,0.00,7.14,0.00,12.9,5.71,0.00,/en/players/bd8a7d05/Sam-Field
Roberto Firmino,br BRA,"FW,MF",Liverpool,29-105,1991,15.5,1.23,0.71,0.19,0.39,0.65,0.39,1.03,37.5,0.65,14.8,4.26,28.7,1.87,6.00,6.97,1.61,0.00,0.00,1.61,0.26,1.48,0.45,0.00,/en/players/4c370d81/Roberto-Firmino
John Fleck,sco SCO,MF,Sheffield Utd,29-144,1991,9.7,1.44,0.62,0.72,0.52,0.21,0.21,1.55,13.3,1.34,14.5,3.71,25.5,4.74,7.32,2.47,1.13,0.00,0.00,1.13,0.82,2.27,0.62,0.00,/en/players/b63e789d/John-Fleck
Phil Foden,eng ENG,"FW,DF",Manchester City,20-232,2000,7.5,1.33,0.53,0.53,0.40,0.40,0.40,1.07,37.5,0.67,15.3,3.87,25.2,2.93,5.33,7.07,0.67,0.00,0.00,0.67,0.40,1.73,0.40,0.00,/en/players/ed1e53f3/Phil-Foden
Wesley Fofana,fr FRA,DF,Leicester City,20-029,2000,12.0,2.42,1.58,1.58,0.75,0.08,0.42,1.42,29.4,1.00,9.58,3.25,33.9,6.25,3.17,0.17,2.33,1.00,0.00,1.33,1.75,4.17,4.17,0.00,/en/players/132a82f1/Wesley-Fofana
Pablo Fornals,es ESP,"MF,FW",West Ham,24-328,1996,14.0,1.00,0.57,0.21,0.64,0.14,0.29,2.86,10.0,2.57,19.0,3.79,19.9,6.50,8.71,3.79,1.86,0.07,0.00,1.79,0.57,1.57,0.21,0.07,/en/players/82927de4/Pablo-Fornals
Fraser Forster,eng ENG,GK,Southampton,32-304,1988,1.0,0.00,0.00,0.00,0.00,0.00,0.00,0.00,,0.00,0.00,0.00,,0.00,0.00,0.00,0.00,0.00,0.00,0.00,0.00,0.00,0.00,0.00,/en/players/c3e39f12/Fraser-Forster
Timothy Fosu-Mensah,nl NED,DF,Manchester Utd,23-013,1998,0.9,3.33,1.11,2.22,1.11,0.00,1.11,1.11,100.0,0.00,7.78,2.22,28.6,3.33,4.44,0.00,1.11,0.00,0.00,1.11,1.11,4.44,1.11,0.00,/en/players/a9142dc3/Timothy-Fosu-Mensah
Ryan Fraser,sco SCO,"MF,FW",Newcastle Utd,26-326,1994,3.5,0.29,0.00,0.29,0.00,0.00,0.00,0.00,,0.00,10.3,1.71,16.7,2.86,4.86,2.57,1.43,0.00,0.00,1.43,0.29,0.57,0.57,0.00,/en/players/d56543a0/Ryan-Fraser
Fred,br BRA,MF,Manchester Utd,27-316,1993,10.1,2.87,1.58,1.49,1.29,0.10,0.69,3.07,22.6,2.38,23.9,6.73,28.2,8.71,11.2,3.96,2.08,0.30,0.00,1.78,1.78,4.65,0.69,0.10,/en/players/b853e0ad/Fred
Ryan Fredericks,eng ENG,DF,West Ham,28-097,1992,3.5,2.00,1.14,1.14,0.86,0.00,0.86,1.71,50.0,0.86,10.9,2.29,21.1,6.29,2.00,2.57,2.57,0.29,0.00,2.29,0.57,2.57,4.29,0.00,/en/players/c067631c/Ryan-Fredericks
Christian Fuchs,at AUT,DF,Leicester City,34-283,1986,7.8,1.92,1.15,1.67,0.13,0.13,0.64,1.79,35.7,1.15,11.0,2.95,26.7,6.79,3.33,0.90,2.05,0.51,0.13,1.54,1.54,3.46,3.97,0.00,/en/players/a67a09fb/Christian-Fuchs
Darnell Furlong,eng ENG,DF,West Brom,25-076,1995,15.8,0.95,0.44,0.57,0.25,0.13,0.44,1.33,33.3,0.89,7.91,2.15,27.2,4.11,2.34,1.46,2.53,0.63,0.00,1.90,0.82,1.77,3.10,0.06,/en/players/3ec9195b/Darnell-Furlong
Conor Gallagher,eng ENG,MF,West Brom,20-344,2000,12.9,3.18,2.09,1.24,1.40,0.54,0.85,3.33,25.6,2.48,24.6,7.29,29.7,8.76,12.0,3.80,2.33,0.31,0.00,2.02,1.16,4.34,1.32,0.00,/en/players/c2731c10/Conor-Gallagher
Eric García,es ESP,DF,Manchester City,20-006,2001,2.2,2.73,0.91,1.82,0.45,0.45,0.91,2.27,40.0,1.36,6.82,2.27,33.3,4.55,2.27,0.00,0.91,0.00,0.00,0.91,1.36,4.09,3.18,0.00,/en/players/2bed3eab/Eric-Garcia
Dwight Gayle,eng ENG,FW,Newcastle Utd,30-090,1990,0.7,0.00,0.00,0.00,0.00,0.00,0.00,4.29,0.0,4.29,21.4,2.86,13.3,2.86,10.0,8.57,0.00,0.00,0.00,0.00,1.43,1.43,0.00,0.00,/en/players/e58a03c6/Dwight-Gayle
David de Gea,es ESP,GK,Manchester Utd,30-069,1990,14.5,0.00,0.00,0.00,0.00,0.00,0.00,0.00,,0.00,0.00,0.00,,0.00,0.00,0.00,0.00,0.00,0.00,0.00,0.00,0.00,0.00,0.00,/en/players/7ba6d84e/David-de-Gea
Anwar El Ghazi,nl NED,FW,Aston Villa,25-257,1995,5.4,1.11,0.93,0.56,0.19,0.37,0.19,1.11,16.7,0.93,9.07,2.59,28.6,2.96,3.70,2.41,0.74,0.00,0.00,0.74,0.19,1.30,0.19,0.00,/en/players/ffa90327/Anwar-El-Ghazi
Kieran Gibbs,eng ENG,DF,West Brom,31-111,1989,5.0,1.40,0.20,1.20,0.20,0.00,0.20,0.40,50.0,0.20,8.40,1.60,19.0,5.20,2.60,0.60,2.00,0.60,0.00,1.40,1.20,2.60,3.20,0.00,/en/players/46ee5234/Kieran-Gibbs
Morgan Gibbs-White,eng ENG,FW,Wolves,20-354,2000,0.7,0.00,0.00,0.00,0.00,0.00,0.00,2.86,0.0,2.86,20.0,4.29,21.4,1.43,12.9,5.71,0.00,0.00,0.00,0.00,2.86,2.86,0.00,0.00,/en/players/32f60ed8/Morgan-Gibbs-White
Billy Gilmour,sco SCO,MF,Chelsea,19-218,2001,0.4,7.50,2.50,2.50,5.00,0.00,2.50,2.50,100.0,0.00,25.0,17.5,70.0,12.5,7.50,5.00,5.00,2.50,0.00,2.50,2.50,10.0,0.00,0.00,/en/players/df10e27c/Billy-Gilmour
Olivier Giroud,fr FRA,FW,Chelsea,34-107,1986,4.0,1.00,0.50,0.00,0.50,0.50,0.00,0.75,0.0,0.75,17.8,4.75,26.8,2.00,7.00,8.75,0.25,0.25,0.00,0.00,0.50,1.50,1.75,0.00,/en/players/16ceb862/Olivier-Giroud
Ben Godfrey,eng ENG,DF,Everton,23-000,1998,10.7,2.15,0.93,1.21,0.75,0.19,1.03,1.59,64.7,0.56,13.5,4.11,30.6,8.60,4.11,0.75,2.24,0.84,0.09,1.40,1.87,4.02,2.80,0.00,/en/players/9f7c837d/Ben-Godfrey
André Gomes,pt POR,MF,Everton,27-169,1993,6.4,2.97,2.03,1.41,1.25,0.31,1.09,2.50,43.8,1.41,19.8,6.41,32.3,5.94,10.0,3.91,1.88,0.00,0.00,1.88,0.47,3.44,0.63,0.00,/en/players/1961b2aa/Andre-Gomes
Joe Gomez,eng ENG,DF,Liverpool,23-237,1997,6.6,0.76,0.30,0.30,0.45,0.00,0.00,0.61,0.0,0.61,5.91,2.27,38.5,3.64,1.97,0.30,1.06,0.45,0.00,0.61,0.76,1.52,4.85,0.30,/en/players/7a11550b/Joe-Gomez
Anthony Gordon,eng ENG,"FW,MF",Everton,19-326,2001,1.0,3.00,2.00,3.00,0.00,0.00,0.00,2.00,0.0,2.00,18.0,3.00,16.7,5.00,9.00,4.00,2.00,0.00,0.00,2.00,1.00,4.00,1.00,0.00,/en/players/2bd83368/Anthony-Gordon
Karlan Grant,eng ENG,FW,West Brom,23-119,1997,9.5,0.32,0.11,0.00,0.32,0.00,0.11,0.32,33.3,0.21,12.4,3.16,25.4,0.95,5.16,6.32,0.53,0.00,0.00,0.53,0.63,0.95,1.16,0.00,/en/players/87f7500e/Karlan-Grant
Demarai Gray,eng ENG,FW,Leicester City,24-201,1996,0.2,10.0,10.0,10.0,0.00,0.00,0.00,0.00,,0.00,25.0,10.0,40.0,5.00,5.00,15.0,0.00,0.00,0.00,0.00,0.00,10.0,0.00,0.00,/en/players/4468ec10/Demarai-Gray
Jack Grealish,eng ENG,"FW,MF",Aston Villa,25-127,1995,15.0,1.13,0.73,0.20,0.60,0.33,0.13,0.80,16.7,0.67,13.6,4.93,36.3,2.93,5.33,5.33,0.93,0.07,0.00,0.87,0.40,1.53,0.13,0.07,/en/players/b0b4fd3e/Jack-Grealish
Mason Greenwood,eng ENG,FW,Manchester Utd,19-106,2001,7.0,1.71,1.14,0.86,0.29,0.57,0.14,1.43,10.0,1.29,13.9,3.57,25.8,2.43,6.86,4.57,0.43,0.00,0.00,0.43,0.57,2.29,0.00,0.00,/en/players/58eee997/Mason-Greenwood
Pascal Groß,de GER,MF,Brighton,29-214,1991,8.0,1.13,0.75,0.63,0.50,0.00,0.25,0.88,28.6,0.63,12.6,3.50,27.7,3.25,6.38,3.00,1.13,0.25,0.00,0.88,0.50,1.63,0.75,0.00,/en/players/8aec0537/Pascal-Gross
Kamil Grosicki,pl POL,"FW,MF",West Brom,32-221,1988,0.1,0.00,0.00,0.00,0.00,0.00,0.00,0.00,,0.00,10.0,10.0,100.0,0.00,0.00,10.0,0.00,0.00,0.00,0.00,0.00,0.00,0.00,0.00,/en/players/81d8091f/Kamil-Grosicki
Vicente Guaita,es ESP,GK,Crystal Palace,34-005,1987,18.0,0.00,0.00,0.00,0.00,0.00,0.00,0.00,,0.00,0.17,0.06,33.3,0.17,0.00,0.00,0.00,0.00,0.00,0.00,0.00,0.00,0.06,0.00,/en/players/ab13a5aa/Vicente-Guaita
İlkay Gündoğan,de GER,MF,Manchester City,30-083,1990,9.2,0.98,0.65,0.54,0.43,0.00,0.33,1.85,17.6,1.52,10.1,3.26,32.3,2.83,5.00,2.28,1.09,0.33,0.00,0.76,0.65,1.63,0.65,0.00,/en/players/819b3158/Ilkay-Gundogan
Antwoine Hackford,eng ENG,"DF,FW",Sheffield Utd,16-301,2004,0.1,0.00,0.00,0.00,0.00,0.00,0.00,0.00,,0.00,30.0,20.0,66.7,0.00,0.00,30.0,10.0,0.00,0.00,10.0,0.00,0.00,0.00,0.00,/en/players/a7588cdc/Antwoine-Hackford
Sébastien Haller,ci CIV,FW,West Ham,26-207,1994,10.4,1.06,0.38,0.10,0.48,0.48,0.38,1.73,22.2,1.35,19.1,4.04,21.1,1.15,11.1,6.92,0.38,0.10,0.00,0.29,0.48,1.54,0.67,0.00,/en/players/ba115a40/Sebastien-Haller
Rekeem Harper,eng ENG,MF,West Brom,20-313,2000,0.4,5.00,2.50,2.50,2.50,0.00,2.50,2.50,100.0,0.00,22.5,0.00,0.0,5.00,15.0,2.50,0.00,0.00,0.00,0.00,0.00,5.00,0.00,0.00,/en/players/3c066877/Rekeem-Harper
Jack Harrison,eng ENG,MF,Leeds United,24-056,1996,14.5,2.07,1.17,1.17,0.41,0.48,0.55,1.38,40.0,0.83,17.9,6.14,34.4,5.45,5.86,6.55,0.83,0.00,0.00,0.83,0.55,2.62,0.69,0.00,/en/players/aa849a12/Jack-Harrison
Kortney Hause,eng ENG,DF,Aston Villa,25-183,1995,4.0,1.00,1.00,0.50,0.50,0.00,0.00,0.00,,0.00,3.75,1.50,40.0,2.00,1.50,0.25,1.00,0.50,0.00,0.50,0.75,1.75,8.50,0.00,/en/players/bf8fad51/Kortney-Hause
Kai Havertz,de GER,"MF,FW",Chelsea,21-218,1999,9.1,1.54,0.88,0.55,0.88,0.11,0.33,2.09,15.8,1.76,16.0,3.74,23.3,3.41,7.91,4.73,1.87,0.22,0.00,1.65,0.77,2.31,1.21,0.11,/en/players/fed7cb61/Kai-Havertz
Isaac Hayden,eng ENG,"MF,DF",Newcastle Utd,25-299,1995,11.1,1.62,1.26,0.63,0.90,0.09,0.27,0.81,33.3,0.54,16.4,3.96,24.2,7.30,7.21,1.89,2.34,0.36,0.00,1.98,1.71,3.33,2.97,0.09,/en/players/c951a6df/Isaac-Hayden
Michael Hector,jm JAM,DF,Fulham,28-180,1992,2.9,2.41,1.72,1.38,1.03,0.00,1.03,2.41,42.9,1.38,9.66,3.79,39.3,7.24,2.41,0.00,2.07,1.03,0.34,1.03,0.00,2.41,3.79,0.00,/en/players/5f1a2f31/Michael-Hector
Ahmed Hegazi,eg EGY,DF,West Brom,29-356,1991,1.0,0.00,0.00,0.00,0.00,0.00,0.00,0.00,,0.00,10.0,4.00,40.0,8.00,2.00,0.00,2.00,0.00,0.00,2.00,0.00,0.00,11.0,0.00,/en/players/5540c9dc/Ahmed-Hegazi
Dean Henderson,eng ENG,GK,Manchester Utd,23-309,1997,2.5,0.00,0.00,0.00,0.00,0.00,0.00,0.40,0.0,0.40,1.20,0.40,33.3,1.20,0.00,0.00,0.00,0.00,0.00,0.00,0.00,0.00,0.00,0.00,/en/players/e5a76dfe/Dean-Henderson
Jordan Henderson,eng ENG,"MF,DF",Liverpool,30-212,1990,12.6,1.11,0.63,0.40,0.48,0.24,0.48,1.67,28.6,1.19,11.3,3.73,33.1,3.02,5.87,2.38,1.90,0.16,0.08,1.75,0.95,2.06,1.35,0.00,/en/players/935e6b8f/Jordan-Henderson
Jeff Hendrick,ie IRL,MF,Newcastle Utd,28-350,1992,10.1,0.30,0.20,0.20,0.10,0.00,0.00,1.19,0.0,1.19,11.0,2.57,23.4,2.97,6.63,1.39,1.78,0.69,0.00,1.09,0.50,0.79,1.98,0.00,/en/players/989d5705/Jeff-Hendrick
Pablo Hernández,es ESP,MF,Leeds United,35-279,1985,2.7,1.85,0.74,0.74,0.37,0.74,1.48,4.81,30.8,3.33,15.9,3.33,20.9,1.85,8.15,5.93,0.00,0.00,0.00,0.00,1.11,2.96,0.00,0.00,/en/players/c0398aca/Pablo-Hernandez
Son Heung-min,kr KOR,FW,Tottenham,28-191,1992,15.9,0.75,0.25,0.31,0.25,0.19,0.25,2.01,12.5,1.76,19.7,4.21,21.4,4.03,10.0,5.66,1.26,0.19,0.00,1.07,0.69,1.45,0.13,0.00,/en/players/92e7e919/Son-Heung-min
Ki-Jana Hoever,nl NED,"DF,FW",Wolves,18-363,2002,1.6,3.75,1.88,3.13,0.63,0.00,2.50,4.38,57.1,1.88,15.6,1.88,12.0,9.38,5.63,0.63,0.00,0.00,0.00,0.00,1.25,5.00,3.75,0.00,/en/players/9a71e978/Ki-Jana-Hoever
Rob Holding,eng ENG,DF,Arsenal,25-117,1995,14.5,1.31,0.69,0.83,0.34,0.14,0.41,0.97,42.9,0.55,9.93,2.97,29.9,6.07,3.52,0.34,1.72,0.83,0.00,0.90,0.55,1.86,5.10,0.00,/en/players/d79a8c87/Rob-Holding
Mason Holgate,eng ENG,DF,Everton,24-085,1996,7.9,2.03,1.14,1.14,0.63,0.25,0.76,1.90,40.0,1.14,9.75,2.91,29.9,3.67,4.05,2.03,2.15,0.51,0.00,1.65,2.03,4.05,3.54,0.00,/en/players/d0042ab9/Mason-Holgate
Conor Hourihane,ie IRL,MF,Aston Villa,29-348,1991,2.5,0.00,0.00,0.00,0.00,0.00,0.00,0.80,0.0,0.80,6.80,2.40,35.3,1.60,2.40,2.80,1.20,0.00,0.00,1.20,0.00,0.00,0.80,0.00,/en/players/fcab00a0/Conor-Hourihane
Callum Hudson-Odoi,eng ENG,FW,Chelsea,20-069,2000,3.7,1.35,0.81,0.27,0.81,0.27,0.27,1.08,25.0,0.81,8.38,2.70,32.3,1.08,4.59,2.70,0.54,0.00,0.00,0.54,0.54,1.89,0.27,0.00,/en/players/15f3ec41/Callum-Hudson-Odoi
Pierre Højbjerg,dk DEN,MF,Tottenham,25-163,1995,17.0,3.76,2.53,1.88,1.53,0.35,1.71,3.47,49.2,1.76,20.1,5.82,29.0,9.12,9.06,1.88,1.35,0.24,0.00,1.12,1.06,4.82,2.12,0.00,/en/players/8b04d6c1/Pierre-Hojbjerg
Odion Ighalo,ng NGA,FW,Manchester Utd,31-213,1989,0.1,0.00,0.00,0.00,0.00,0.00,0.00,10.0,0.0,10.0,20.0,0.00,0.0,10.0,0.00,10.0,0.00,0.00,0.00,0.00,0.00,0.00,0.00,0.00,/en/players/03622183/Odion-Ighalo
Kelechi Iheanacho,ng NGA,"FW,MF",Leicester City,24-104,1996,2.6,0.00,0.00,0.00,0.00,0.00,0.00,0.77,0.0,0.77,15.4,2.31,15.0,0.38,7.31,7.69,1.92,0.38,0.00,1.54,0.00,0.00,0.38,0.00,/en/players/c92e1a31/Kelechi-Iheanacho
Danny Ings,eng ENG,FW,Southampton,28-176,1992,11.7,1.03,0.43,0.43,0.51,0.09,0.51,1.20,42.9,0.68,16.7,4.19,25.1,2.39,6.41,7.86,2.48,0.17,0.00,2.31,0.17,1.20,0.85,0.09,/en/players/07802f7f/Danny-Ings
Branislav Ivanović,rs SRB,DF,West Brom,36-328,1984,8.2,1.71,0.61,1.10,0.61,0.00,0.61,1.34,45.5,0.73,10.0,2.20,22.0,6.46,3.41,0.12,1.71,0.85,0.00,0.85,0.37,2.07,3.54,0.00,/en/players/85f8571a/Branislav-Ivanovic
Alex Iwobi,ng NGA,"FW,DF",Everton,24-257,1996,9.7,1.86,1.34,0.82,1.03,0.00,0.72,1.75,41.2,1.03,11.9,3.81,32.2,5.57,3.71,2.58,1.55,0.10,0.00,1.44,1.03,2.89,1.03,0.00,/en/players/6ca5ec4b/Alex-Iwobi
Phil Jagielka,eng ENG,"DF,MF",Sheffield Utd,38-151,1982,1.6,2.50,0.00,1.88,0.63,0.00,1.25,1.88,66.7,0.63,9.38,1.88,20.0,5.63,3.75,0.00,2.50,0.63,0.00,1.88,1.25,3.75,4.38,0.63,/en/players/3233eefd/Phil-Jagielka
Alireza Jahanbakhsh,ir IRN,"FW,DF",Brighton,27-157,1993,2.8,1.43,0.71,0.00,1.07,0.36,0.71,2.50,28.6,1.79,13.2,3.93,29.7,1.43,4.64,7.14,1.43,0.00,0.00,1.43,0.71,2.14,0.00,0.00,/en/players/08452314/Alireza-Jahanbakhsh
Daniel James,wal WAL,FW,Manchester Utd,23-066,1997,3.6,1.11,0.83,0.28,0.56,0.28,0.00,2.22,0.0,2.22,16.7,4.17,25.0,2.22,6.94,7.50,1.67,0.00,0.00,1.67,1.39,2.50,0.28,0.00,/en/players/c931d9f9/Daniel-James
Reece James,eng ENG,DF,Chelsea,21-038,1999,12.0,2.67,1.42,1.75,0.83,0.08,0.83,1.67,50.0,0.83,14.3,4.00,28.1,6.83,6.17,1.25,2.33,0.42,0.00,1.92,1.25,3.92,2.08,0.00,/en/players/1265a93a/Reece-James
Gabriel Jesus,br BRA,FW,Manchester City,23-287,1997,7.3,0.96,0.55,0.55,0.27,0.14,0.55,1.10,50.0,0.55,14.2,4.38,30.8,1.78,4.93,7.53,0.68,0.14,0.00,0.55,1.37,2.33,0.14,0.00,/en/players/b66315ae/Gabriel-Jesus
Raúl Jiménez,mx MEX,FW,Wolves,29-255,1991,9.1,0.77,0.44,0.11,0.44,0.22,0.00,0.77,0.0,0.77,9.89,2.42,24.4,1.32,3.96,4.62,0.88,0.11,0.00,0.77,0.66,1.43,1.10,0.11,/en/players/b561db50/Raul-Jimenez
Joelinton,br BRA,"FW,MF",Newcastle Utd,24-154,1996,10.6,1.98,1.04,0.28,1.32,0.38,0.94,1.79,52.6,0.85,17.7,4.43,25.0,3.68,10.1,3.96,1.42,0.09,0.00,1.32,0.47,2.45,1.23,0.00,/en/players/c17bfb65/Joelinton
Ben Johnson,eng ENG,DF,West Ham,20-357,2000,1.6,1.25,0.63,1.25,0.00,0.00,1.25,1.25,100.0,0.00,7.50,1.25,16.7,3.75,3.75,0.00,0.63,0.00,0.00,0.63,1.25,2.50,0.63,0.00,/en/players/9319781b/Ben-Johnson
Sam Johnstone,eng ENG,GK,West Brom,27-296,1993,17.0,0.00,0.00,0.00,0.00,0.00,0.00,0.00,,0.00,0.12,0.12,100.0,0.12,0.00,0.00,0.00,0.00,0.00,0.00,0.00,0.00,0.00,0.00,/en/players/9e5708be/Sam-Johnstone
Curtis Jones,eng ENG,MF,Liverpool,19-351,2001,7.5,2.13,1.60,0.93,0.80,0.40,1.20,2.27,52.9,1.07,15.9,5.47,34.5,4.13,6.53,5.20,1.20,0.00,0.00,1.20,0.80,2.93,0.93,0.13,/en/players/4fb9c88f/Curtis-Jones
Jorginho,it ITA,MF,Chelsea,29-026,1991,7.1,2.82,1.41,1.55,0.70,0.56,0.85,2.39,35.3,1.55,20.3,8.17,40.3,8.03,9.72,2.54,1.83,0.14,0.00,1.69,1.97,4.79,0.85,0.00,/en/players/45db685d/Jorginho
Diogo Jota,pt POR,FW,Liverpool,24-042,1996,5.6,0.89,0.54,0.18,0.36,0.36,0.18,2.86,6.3,2.68,23.0,5.71,24.8,6.07,8.93,8.04,0.71,0.00,0.00,0.71,0.54,1.43,0.18,0.00,/en/players/178ae8f8/Diogo-Jota
James Justin,eng ENG,DF,Leicester City,22-327,1998,17.0,2.59,1.12,1.76,0.65,0.18,0.59,1.35,43.5,0.76,14.6,4.76,32.5,8.00,4.29,2.35,1.94,0.35,0.00,1.59,0.94,3.53,2.00,0.00,/en/players/fb614c44/James-Justin
Aboubakar Kamara,fr FRA,"FW,DF",Fulham,25-314,1995,3.2,0.63,0.63,0.63,0.00,0.00,0.31,1.56,20.0,1.25,18.8,3.13,16.7,3.13,8.13,7.50,2.81,0.31,0.00,2.50,0.63,1.25,0.63,0.00,/en/players/4047c976/Aboubakar-Kamara
Harry Kane,eng ENG,FW,Tottenham,27-171,1993,16.9,0.53,0.36,0.18,0.24,0.12,0.18,0.71,25.0,0.53,12.8,2.96,23.0,0.95,6.21,5.68,1.12,0.47,0.06,0.65,0.41,0.95,1.66,0.00,/en/players/21a66f6a/Harry-Kane
N'Golo Kanté,fr FRA,MF,Chelsea,29-292,1991,16.4,3.41,2.13,1.71,1.59,0.12,1.16,2.74,42.2,1.59,20.1,7.13,35.6,8.90,8.60,2.56,2.50,0.18,0.00,2.32,2.26,5.67,1.16,0.00,/en/players/b9fbae28/NGolo-Kante
Moise Kean,it ITA,FW,Everton,20-322,2000,0.2,0.00,0.00,0.00,0.00,0.00,0.00,0.00,,0.00,5.00,0.00,0.0,0.00,0.00,5.00,0.00,0.00,0.00,0.00,0.00,0.00,0.00,0.00,/en/players/3d50bcdb/Moise-Kean
Michael Keane,eng ENG,DF,Everton,28-004,1993,15.7,0.96,0.51,0.70,0.19,0.06,0.32,0.76,41.7,0.45,4.90,1.85,37.7,3.18,1.40,0.32,1.72,1.02,0.00,0.70,0.64,1.59,4.84,0.06,/en/players/c5b7c315/Michael-Keane
Neeskens Kebano,cd COD,"FW,MF",Fulham,28-311,1992,1.3,0.77,0.77,0.77,0.00,0.00,0.77,2.31,33.3,1.54,23.1,6.92,30.0,3.08,10.0,10.0,3.85,0.00,0.00,3.85,0.00,0.77,0.77,0.00,/en/players/18b999f4/Neeskens-Kebano
Naby Keïta,gn GUI,MF,Liverpool,25-340,1995,4.4,1.36,0.91,0.91,0.23,0.23,0.23,3.18,7.1,2.95,27.0,7.73,28.6,3.41,13.2,10.5,1.82,0.00,0.00,1.82,2.27,3.64,0.45,0.00,/en/players/f25c8e3a/Naby-Keita
Caoimhin Kelleher,ie IRL,GK,Liverpool,22-053,1998,1.0,0.00,0.00,0.00,0.00,0.00,0.00,0.00,,0.00,0.00,0.00,,0.00,0.00,0.00,0.00,0.00,0.00,0.00,0.00,0.00,0.00,0.00,/en/players/62d7ef38/Caoimhin-Kelleher
Jonjoe Kenny,eng ENG,DF,Everton,23-306,1997,0.9,1.11,0.00,1.11,0.00,0.00,0.00,1.11,0.0,1.11,12.2,1.11,9.1,4.44,4.44,3.33,2.22,0.00,0.00,2.22,1.11,2.22,1.11,0.00,/en/players/099e666f/Jonjoe-Kenny
Reda Khadra,de GER,FW,Brighton,19-195,2001,0.1,0.00,0.00,0.00,0.00,0.00,0.00,0.00,,0.00,10.0,10.0,100.0,0.00,0.00,10.0,0.00,0.00,0.00,0.00,0.00,0.00,0.00,0.00,/en/players/88acf83f/Reda-Khadra
Max Kilman,eng ENG,DF,Wolves,23-237,1997,8.4,1.31,0.83,1.07,0.24,0.00,0.60,1.07,55.6,0.48,7.86,2.26,28.8,5.48,2.14,0.24,1.43,0.60,0.00,0.83,0.83,2.14,3.33,0.00,/en/players/d0f72bf1/Max-Kilman
Mateusz Klich,pl POL,MF,Leeds United,30-216,1990,15.6,2.12,1.73,0.77,0.96,0.38,0.32,1.99,16.1,1.67,20.4,6.41,31.4,4.81,10.8,4.81,1.28,0.26,0.00,1.03,0.77,2.88,0.77,0.00,/en/players/282679b4/Mateusz-Klich
Robin Koch,de GER,DF,Leeds United,24-182,1996,10.1,1.98,1.29,1.29,0.69,0.00,0.89,1.78,50.0,0.89,12.1,3.27,27.0,6.73,5.15,0.20,2.38,1.09,0.00,1.29,0.69,2.67,2.87,0.20,/en/players/ea6bc03a/Robin-Koch
Sead Kolašinac,ba BIH,DF,Arsenal,27-209,1993,1.0,0.00,0.00,0.00,0.00,0.00,0.00,0.00,,0.00,3.00,1.00,33.3,0.00,2.00,1.00,0.00,0.00,0.00,0.00,0.00,0.00,0.00,0.00,/en/players/3935e52e/Sead-Kolasinac
Ezri Konsa,eng ENG,DF,Aston Villa,23-084,1997,12.5,0.80,0.48,0.64,0.16,0.00,0.32,0.32,100.0,0.00,6.24,1.92,30.8,3.68,1.92,0.64,1.36,0.72,0.00,0.64,0.24,1.04,4.80,0.00,/en/players/0313a347/Ezri-Konsa
Cheikhou Kouyaté,sn SEN,DF,Crystal Palace,31-025,1989,17.7,1.69,1.02,1.30,0.34,0.06,0.68,1.30,52.2,0.62,8.64,3.05,35.3,5.59,2.49,0.56,1.53,0.73,0.00,0.79,0.79,2.49,4.52,0.06,/en/players/8d3c902d/Cheikhou-Kouyate
Mateo Kovačić,hr CRO,MF,Chelsea,26-254,1994,7.2,1.94,1.25,0.97,0.97,0.00,0.69,1.81,38.5,1.11,16.5,4.03,24.4,4.31,8.47,3.75,1.39,0.14,0.00,1.25,1.25,3.19,0.56,0.00,/en/players/79c0821a/Mateo-Kovacic
Emil Krafth,se SWE,DF,Newcastle Utd,26-166,1994,3.2,2.50,1.88,0.63,1.88,0.00,0.63,0.94,66.7,0.31,14.1,4.38,31.1,6.56,5.63,1.88,0.94,0.63,0.00,0.31,0.63,3.13,4.69,0.00,/en/players/77cf6852/Emil-Krafth
Filip Krovinović,hr CRO,MF,West Brom,25-139,1995,6.1,2.62,1.64,0.98,1.15,0.49,0.82,2.95,27.8,2.13,16.2,3.44,21.2,5.74,8.52,1.97,0.82,0.00,0.00,0.82,0.33,2.95,0.82,0.00,/en/players/c2dfedeb/Filip-Krovinovic
Alexandre Lacazette,fr FRA,FW,Arsenal,29-232,1991,10.5,1.52,1.14,0.48,0.76,0.29,0.19,0.86,22.2,0.67,15.5,5.24,33.7,2.19,6.95,6.38,1.33,0.19,0.00,1.14,0.76,2.29,0.48,0.00,/en/players/9dbb75ca/Alexandre-Lacazette
Adam Lallana,eng ENG,"MF,FW",Brighton,32-250,1988,8.5,0.71,0.59,0.59,0.00,0.12,0.12,1.88,6.3,1.76,16.4,4.82,29.5,4.35,7.65,4.35,1.29,0.00,0.00,1.29,0.94,1.65,0.94,0.00,/en/players/99813635/Adam-Lallana
Érik Lamela,ar ARG,FW,Tottenham,28-317,1992,2.4,2.92,2.08,0.00,2.08,0.83,0.42,1.25,33.3,0.83,22.9,6.67,29.1,4.58,11.7,6.67,0.00,0.00,0.00,0.00,0.42,3.33,0.42,0.00,/en/players/abe66106/Erik-Lamela
Tariq Lamptey,eng ENG,DF,Brighton,20-107,2000,9.8,1.73,1.02,0.92,0.61,0.20,0.71,1.33,53.8,0.61,12.7,4.18,33.1,5.00,5.41,2.24,1.53,0.10,0.00,1.43,1.33,3.06,1.73,0.00,/en/players/f4e433d4/Tariq-Lamptey
Manuel Lanzini,ar ARG,"MF,FW",West Ham,27-335,1993,2.6,0.38,0.38,0.00,0.38,0.00,0.38,1.15,33.3,0.77,18.5,6.54,35.4,4.62,8.08,5.77,3.46,0.00,0.00,3.46,1.54,1.92,0.00,0.00,/en/players/26f6dca8/Manuel-Lanzini
Aymeric Laporte,fr FRA,DF,Manchester City,26-233,1994,4.0,0.75,0.50,0.50,0.25,0.00,0.25,1.25,20.0,1.00,4.50,1.50,33.3,3.00,1.25,0.25,0.75,0.25,0.00,0.50,0.50,1.25,4.00,0.00,/en/players/119b9a8e/Aymeric-Laporte
Jamaal Lascelles,eng ENG,DF,Newcastle Utd,27-065,1993,7.5,1.33,0.80,0.93,0.40,0.00,0.27,0.53,50.0,0.27,7.87,2.13,27.1,5.47,2.13,0.27,2.27,1.20,0.27,1.07,0.53,1.87,6.13,0.13,/en/players/450ab6fc/Jamaal-Lascelles
Maxime Le Marchand,fr FRA,DF,Fulham,31-096,1989,1.4,1.43,0.71,1.43,0.00,0.00,0.71,0.71,100.0,0.00,6.43,1.43,22.2,4.29,1.43,0.71,0.00,0.00,0.00,0.00,0.00,1.43,5.00,0.00,/en/players/321a71a7/Maxime-Le-Marchand
Mario Lemina,ga GAB,MF,Fulham,27-136,1993,5.1,4.31,2.55,2.55,1.18,0.59,1.18,2.55,46.2,1.37,19.0,5.88,30.9,8.63,8.43,1.96,2.16,0.20,0.00,1.96,2.75,7.06,1.18,0.00,/en/players/2b471f99/Mario-Lemina
Bernd Leno,de GER,GK,Arsenal,28-317,1992,18.0,0.00,0.00,0.00,0.00,0.00,0.00,0.00,,0.00,0.06,0.06,100.0,0.06,0.00,0.00,0.00,0.00,0.00,0.00,0.00,0.00,0.00,0.00,/en/players/2628fd2b/Bernd-Leno
Jamal Lewis,nir NIR,DF,Newcastle Utd,22-356,1998,11.3,2.39,1.15,1.59,0.62,0.18,1.24,2.30,53.8,1.06,15.8,3.45,21.8,9.12,5.58,1.15,1.59,0.27,0.00,1.33,0.80,3.19,1.86,0.00,/en/players/efb9215a/Jamal-Lewis
Victor Lindelöf,se SWE,DF,Manchester Utd,26-182,1994,12.7,0.87,0.55,0.55,0.31,0.00,0.31,0.63,50.0,0.31,6.06,2.28,37.7,3.62,2.20,0.24,1.89,0.71,0.00,1.18,0.71,1.57,4.41,0.00,/en/players/f5deef4c/Victor-Lindelof
Jake Livermore,eng ENG,MF,West Brom,31-062,1989,8.5,1.76,0.94,0.35,1.18,0.24,0.59,1.88,31.3,1.29,17.4,4.12,23.6,4.00,10.4,3.06,2.35,0.47,0.00,1.88,1.41,3.18,2.00,0.00,/en/players/b98570d1/Jake-Livermore
Diego Llorente,es ESP,DF,Leeds United,27-152,1993,0.9,5.56,4.44,1.11,4.44,0.00,3.33,3.33,100.0,0.00,14.4,11.1,76.9,7.78,6.67,0.00,2.22,2.22,0.00,0.00,2.22,7.78,5.56,0.00,/en/players/bba30585/Diego-Llorente
Hugo Lloris,fr FRA,GK,Tottenham,34-020,1986,17.0,0.00,0.00,0.00,0.00,0.00,0.00,0.06,0.0,0.06,0.06,0.00,0.0,0.06,0.00,0.00,0.00,0.00,0.00,0.00,0.00,0.00,0.00,0.06,/en/players/8f62b6ee/Hugo-Lloris
Giovani Lo Celso,ar ARG,"MF,FW",Tottenham,24-281,1996,4.9,3.47,1.84,1.84,1.22,0.41,0.82,3.47,23.5,2.65,33.1,8.57,25.9,11.4,15.5,6.12,1.02,0.20,0.00,0.82,0.41,3.88,0.82,0.00,/en/players/d7553721/Giovani-Lo-Celso
Ruben Loftus-Cheek,eng ENG,FW,Chelsea,24-358,1996,0.7,0.00,0.00,0.00,0.00,0.00,0.00,0.00,,0.00,20.0,5.71,28.6,4.29,10.0,5.71,1.43,0.00,0.00,1.43,1.43,1.43,0.00,0.00,/en/players/e97fd090/Ruben-Loftus-Cheek
Ruben Loftus-Cheek,eng ENG,"FW,MF",Fulham,24-358,1996,7.7,1.82,1.30,1.04,0.65,0.13,0.65,0.91,71.4,0.26,15.8,4.81,30.3,2.73,8.44,4.68,0.91,0.13,0.00,0.78,0.78,2.60,0.78,0.00,/en/players/e97fd090/Ruben-Loftus-Cheek
Kevin Long,ie IRL,DF,Burnley,30-150,1990,6.0,2.17,1.17,1.50,0.67,0.00,0.83,1.33,62.5,0.50,8.00,2.83,35.4,5.00,2.83,0.17,1.00,0.67,0.00,0.33,0.50,2.67,4.33,0.00,/en/players/5a4280b1/Kevin-Long
Shane Long,ie IRL,"FW,MF",Southampton,33-359,1987,2.1,0.95,0.00,0.00,0.00,0.95,0.48,1.43,33.3,0.95,14.3,3.33,23.3,0.95,7.14,6.19,0.48,0.00,0.00,0.48,0.48,1.43,0.00,0.00,/en/players/9f472354/Shane-Long
Matthew Longstaff,eng ENG,MF,Newcastle Utd,20-300,2000,3.3,1.21,0.91,1.21,0.00,0.00,0.61,1.82,33.3,1.21,26.4,6.67,25.3,8.48,15.8,2.12,2.73,0.00,0.00,2.73,1.82,3.03,0.91,0.00,/en/players/c0027d2d/Matthew-Longstaff
Sean Longstaff,eng ENG,MF,Newcastle Utd,23-077,1997,9.2,2.17,1.20,0.76,1.09,0.33,1.41,3.48,40.6,2.07,24.3,6.85,28.1,10.7,10.8,2.93,1.74,0.11,0.00,1.63,1.20,3.37,1.20,0.11,/en/players/a2b105e0/Sean-Longstaff
Ademola Lookman,eng ENG,FW,Fulham,23-087,1997,11.5,1.57,1.13,0.52,0.87,0.17,0.09,1.22,7.1,1.13,16.9,6.35,37.6,4.26,7.91,4.70,1.39,0.09,0.00,1.30,0.96,2.52,0.52,0.00,/en/players/7c104bb7/Ademola-Lookman
Max Lowe,eng ENG,DF,Sheffield Utd,23-249,1997,4.6,4.13,2.17,3.70,0.43,0.00,1.30,3.91,33.3,2.61,22.4,5.43,24.3,11.1,9.13,2.17,3.26,0.43,0.00,2.83,0.43,4.57,1.52,0.22,/en/players/7af88b33/Max-Lowe
Matthew Lowton,eng ENG,DF,Burnley,31-220,1989,12.0,2.08,0.92,0.92,1.08,0.08,1.17,2.25,51.9,1.08,8.50,2.25,26.5,3.67,4.25,0.58,2.50,0.50,0.00,2.00,1.17,3.25,3.17,0.00,/en/players/9a9c05db/Matthew-Lowton
David Luiz,br BRA,DF,Arsenal,33-268,1987,6.3,1.27,0.63,0.32,0.95,0.00,0.32,0.32,100.0,0.00,6.67,2.22,33.3,3.49,2.86,0.32,2.54,1.27,0.00,1.27,0.48,1.75,4.13,0.16,/en/players/c0e27d1a/David-Luiz
Douglas Luiz,br BRA,MF,Aston Villa,22-251,1998,13.6,1.91,1.25,0.88,0.88,0.15,0.66,1.84,36.0,1.18,16.8,4.49,26.8,6.18,8.24,2.35,1.62,0.51,0.00,1.10,0.59,2.50,1.18,0.00,/en/players/6f7d826d/Douglas-Luiz
John Lundstram,eng ENG,MF,Sheffield Utd,26-332,1994,9.5,0.95,0.21,0.42,0.42,0.11,0.32,1.89,16.7,1.58,14.0,3.58,25.6,4.42,6.63,2.95,1.79,0.53,0.00,1.26,0.84,1.79,0.95,0.11,/en/players/0df2b165/John-Lundstram
Alexis Mac Allister,ar ARG,"FW,MF",Brighton,22-022,1998,2.5,2.80,2.00,2.00,0.40,0.40,1.60,2.80,57.1,1.20,24.0,8.80,36.7,6.80,9.20,8.00,3.20,0.40,0.00,2.80,0.40,3.20,0.40,0.00,/en/players/83d074ff/Alexis-Mac-Allister
James Maddison,eng ENG,"MF,FW",Leicester City,24-053,1996,10.7,1.59,0.93,0.28,0.56,0.75,0.47,1.12,41.7,0.65,16.5,4.49,27.1,3.08,7.85,5.61,0.56,0.00,0.00,0.56,0.84,2.43,0.28,0.00,/en/players/ee38d9c5/James-Maddison
Harry Maguire,eng ENG,DF,Manchester Utd,27-316,1993,17.0,1.06,0.59,0.76,0.29,0.00,0.41,0.88,46.7,0.47,6.06,2.35,38.8,3.65,2.29,0.12,1.41,0.76,0.00,0.65,2.00,3.06,4.41,0.00,/en/players/d8931174/Harry-Maguire
Riyad Mahrez,dz ALG,"FW,DF",Manchester City,29-329,1991,9.3,1.40,1.08,0.22,0.54,0.65,0.65,2.15,30.0,1.51,11.9,2.80,23.4,1.29,5.59,5.05,1.18,0.00,0.00,1.18,0.00,1.40,0.11,0.00,/en/players/892d5bb1/Riyad-Mahrez
Ainsley Maitland-Niles,eng ENG,DF,Arsenal,23-139,1997,5.4,3.15,2.04,1.67,1.11,0.37,1.48,2.04,72.7,0.56,20.6,4.63,22.5,8.70,8.15,3.70,2.41,0.56,0.00,1.85,2.41,5.56,2.22,0.19,/en/players/e3a5814e/Ainsley-Maitland-Niles
Sadio Mané,sn SEN,FW,Liverpool,28-280,1992,14.8,1.62,1.35,0.34,0.81,0.47,0.47,1.01,46.7,0.54,14.5,5.20,35.8,1.96,5.20,7.36,1.22,0.14,0.00,1.08,0.47,2.09,0.20,0.00,/en/players/c691bfe2/Sadio-Mane
Javier Manquillo,es ESP,DF,Newcastle Utd,26-255,1994,5.1,2.75,1.57,1.18,1.37,0.20,0.78,1.18,66.7,0.39,11.0,3.53,32.1,5.88,3.92,1.18,1.57,0.20,0.00,1.37,0.78,3.53,2.16,0.00,/en/players/758dd7f0/Javier-Manquillo
Fernando Marçal,br BRA,DF,Wolves,31-331,1989,6.3,1.43,0.63,0.79,0.63,0.00,0.32,0.95,33.3,0.63,9.21,3.02,32.8,4.76,2.86,1.59,2.70,0.32,0.00,2.38,1.11,2.54,3.49,0.00,/en/players/9ae9eaea/Fernando-Marcal
Solly March,eng ENG,DF,Brighton,26-179,1994,14.8,2.97,1.82,1.42,1.15,0.41,0.81,1.55,52.2,0.74,12.6,3.51,27.8,4.39,4.46,3.78,2.77,0.34,0.00,2.43,0.95,3.92,0.61,0.00,/en/players/bb5fbd2b/Solly-March
Pablo Marí,es ESP,DF,Arsenal,27-137,1993,3.0,2.00,2.00,1.67,0.33,0.00,0.33,0.33,100.0,0.00,6.33,3.00,47.4,3.33,3.00,0.00,2.67,1.33,0.00,1.33,0.33,2.33,7.67,0.00,/en/players/aa54ec6f/Pablo-Mari
Anthony Martial,fr FRA,FW,Manchester Utd,25-041,1995,10.2,0.00,0.00,0.00,0.00,0.00,0.00,0.39,0.0,0.39,9.61,3.24,33.7,0.39,3.04,6.18,0.98,0.20,0.00,0.78,0.00,0.00,0.49,0.00,/en/players/8b788c01/Anthony-Martial
Martinelli,br BRA,FW,Arsenal,19-211,2001,1.7,1.76,0.59,0.59,0.59,0.59,1.18,4.12,28.6,2.94,17.6,1.18,6.7,2.94,4.12,10.6,0.00,0.00,0.00,0.00,2.35,4.12,1.18,0.00,/en/players/48a5a5d6/Martinelli
Emiliano Martínez,ar ARG,GK,Aston Villa,28-135,1992,15.0,0.00,0.00,0.00,0.00,0.00,0.00,0.00,,0.00,0.07,0.00,0.0,0.07,0.00,0.00,0.00,0.00,0.00,0.00,0.00,0.00,0.00,0.07,/en/players/7956236f/Emiliano-Martinez
Arthur Masuaku,cd COD,DF,West Ham,27-069,1993,9.4,1.81,1.17,1.38,0.32,0.11,1.17,3.09,37.9,1.91,11.0,3.62,33.0,6.70,2.77,1.49,2.87,0.00,0.00,2.87,0.32,2.13,1.49,0.00,/en/players/57df7a11/Arthur-Masuaku
Juan Mata,es ESP,FW,Manchester Utd,32-262,1988,3.7,0.54,0.54,0.27,0.27,0.00,0.00,1.35,0.0,1.35,11.6,2.70,23.3,2.43,3.51,5.68,0.54,0.00,0.00,0.54,0.00,0.54,0.54,0.00,/en/players/29733c72/Juan-Mata
Nemanja Matić,rs SRB,MF,Manchester Utd,32-167,1988,7.1,2.11,1.13,1.27,0.85,0.00,0.56,2.11,26.7,1.55,14.8,4.51,30.5,6.76,7.46,0.56,2.82,0.14,0.00,2.68,0.85,2.96,0.99,0.00,/en/players/eb7822d7/Nemanja-Matic
Joël Matip,cm CMR,DF,Liverpool,29-160,1991,6.2,1.94,1.29,1.45,0.48,0.00,0.65,1.13,57.1,0.48,7.58,3.06,40.4,4.84,2.58,0.16,0.97,0.00,0.00,0.97,0.48,2.42,3.23,0.00,/en/players/b217ef29/Joel-Matip
Neal Maupay,fr FRA,"FW,MF",Brighton,24-154,1996,12.7,0.87,0.71,0.16,0.47,0.24,0.00,0.31,0.0,0.31,13.5,4.41,32.6,2.36,5.35,5.83,0.71,0.16,0.00,0.55,0.31,1.18,0.24,0.00,/en/players/4bcf39f6/Neal-Maupay
James McArthur,sco SCO,MF,Crystal Palace,33-100,1987,14.3,3.43,1.68,1.89,1.26,0.28,1.05,2.87,36.6,1.82,22.9,6.71,29.3,9.93,10.9,2.10,2.17,0.28,0.00,1.89,1.26,4.69,1.54,0.00,/en/players/cee31595/James-McArthur
Oliver McBurnie,sco SCO,FW,Sheffield Utd,24-225,1996,9.2,1.09,0.54,0.54,0.33,0.22,0.43,1.41,30.8,0.98,21.5,4.67,21.7,1.74,12.1,7.72,1.30,0.33,0.00,0.98,0.54,1.63,1.52,0.00,/en/players/78b8ac63/Oliver-McBurnie
Alex McCarthy,eng ENG,GK,Southampton,31-043,1989,16.0,0.00,0.00,0.00,0.00,0.00,0.00,0.06,0.0,0.06,0.06,0.00,0.0,0.06,0.00,0.00,0.00,0.00,0.00,0.00,0.00,0.00,0.06,0.06,/en/players/36c2ca73/Alex-McCarthy
James McCarthy,ie IRL,MF,Crystal Palace,30-064,1990,3.7,2.70,1.35,2.16,0.54,0.00,1.08,2.43,44.4,1.35,20.8,4.05,19.5,10.0,10.0,0.81,2.16,0.81,0.00,1.35,1.35,4.05,1.35,0.00,/en/players/64b08de7/James-McCarthy
John McGinn,sco SCO,MF,Aston Villa,26-089,1994,15.0,2.00,1.20,0.73,1.00,0.27,0.53,1.87,28.6,1.33,14.3,4.07,28.4,3.67,7.87,2.80,0.93,0.07,0.00,0.87,0.40,2.40,0.87,0.13,/en/players/90f91999/John-McGinn
David McGoldrick,ie IRL,"FW,MF",Sheffield Utd,33-047,1987,11.3,0.88,0.27,0.09,0.44,0.35,0.27,0.88,30.0,0.62,16.6,4.07,24.5,2.57,6.81,7.26,1.77,0.18,0.00,1.59,0.62,1.50,0.62,0.00,/en/players/dbe56a33/David-McGoldrick
Dwight McNeil,eng ENG,MF,Burnley,21-054,1999,13.2,1.52,0.76,0.53,0.83,0.15,0.30,1.74,17.4,1.44,18.5,4.24,23.0,4.17,10.2,4.17,1.82,0.08,0.00,1.74,0.76,2.27,0.76,0.08,/en/players/fc15fb84/Dwight-McNeil
Scott McTominay,sco SCO,MF,Manchester Utd,24-038,1996,10.2,1.96,1.18,1.47,0.49,0.00,0.59,1.86,31.6,1.27,16.0,5.10,31.9,6.08,7.84,2.06,3.04,0.69,0.00,2.35,1.27,3.24,1.76,0.00,/en/players/d93c2511/Scott-McTominay
Ben Mee,eng ENG,DF,Burnley,31-114,1989,10.0,0.80,0.50,0.70,0.10,0.00,0.30,0.60,50.0,0.30,3.80,0.70,18.4,2.20,1.40,0.20,2.10,1.30,0.00,0.80,0.20,1.00,7.30,0.00,/en/players/8df7a2fb/Ben-Mee
Benjamin Mendy,fr FRA,DF,Manchester City,26-182,1994,5.6,1.43,0.89,0.54,0.36,0.54,0.36,1.43,25.0,1.07,9.11,2.50,27.5,2.50,4.29,2.32,1.79,0.36,0.00,1.43,0.36,1.79,1.43,0.18,/en/players/5271c8f1/Benjamin-Mendy
Edouard Mendy,sn SEN,GK,Chelsea,28-320,1992,13.0,0.00,0.00,0.00,0.00,0.00,0.00,0.08,0.0,0.08,0.23,0.00,0.0,0.23,0.00,0.00,0.00,0.00,0.00,0.00,0.00,0.00,0.00,0.00,/en/players/33887998/Edouard-Mendy
Nampalys Mendy,fr FRA,MF,Leicester City,28-206,1992,12.3,2.03,1.22,1.14,0.81,0.08,0.41,0.89,45.5,0.49,15.9,5.28,33.3,6.59,7.40,1.87,1.38,0.08,0.00,1.30,0.57,2.60,0.16,0.00,/en/players/1598599e/Nampalys-Mendy
Illan Meslier,fr FRA,GK,Leeds United,20-319,2000,17.0,0.00,0.00,0.00,0.00,0.00,0.00,0.06,0.0,0.06,0.18,0.06,33.3,0.18,0.00,0.00,0.00,0.00,0.00,0.00,0.00,0.00,0.00,0.06,/en/players/6b625ac2/Illan-Meslier
Luka Milivojević,rs SRB,MF,Crystal Palace,29-283,1991,10.0,2.20,1.50,0.70,1.10,0.40,1.30,3.00,43.3,1.70,16.7,4.70,28.1,6.80,7.70,2.20,1.40,0.10,0.00,1.30,1.20,3.40,1.70,0.00,/en/players/2ce2508a/Luka-Milivojevic
James Milner,eng ENG,"MF,DF",Liverpool,35-011,1986,3.9,2.56,1.54,1.28,1.28,0.00,1.28,3.08,41.7,1.79,15.4,5.64,36.7,4.87,7.44,3.08,4.62,0.51,0.00,4.10,0.77,3.33,1.54,0.00,/en/players/2f90f6b8/James-Milner
Yerry Mina,co COL,DF,Everton,26-114,1994,15.0,1.20,0.53,0.87,0.33,0.00,0.20,0.40,50.0,0.20,6.87,1.80,26.2,4.33,2.47,0.07,1.47,1.00,0.00,0.47,0.60,1.80,5.73,0.07,/en/players/6d5701f2/Yerry-Mina
Takumi Minamino,jp JPN,"MF,FW",Liverpool,25-365,1995,3.2,1.25,0.94,0.31,0.63,0.31,0.00,3.75,0.0,3.75,24.7,7.50,30.4,5.94,11.9,6.88,0.00,0.00,0.00,0.00,0.00,1.25,0.94,0.00,/en/players/f833a830/Takumi-Minamino
Tyrone Mings,eng ENG,DF,Aston Villa,27-308,1993,13.5,0.81,0.59,0.59,0.22,0.00,0.37,0.67,55.6,0.30,6.22,2.22,35.7,3.04,2.67,0.52,1.56,0.81,0.00,0.74,0.15,0.96,5.11,0.00,/en/players/8397a50c/Tyrone-Mings
Tyrick Mitchell,eng ENG,DF,Crystal Palace,21-136,1999,9.0,3.67,1.33,2.22,0.78,0.67,0.67,1.44,46.2,0.78,18.9,4.78,25.3,12.6,3.89,2.44,2.67,0.22,0.00,2.44,0.89,4.56,3.00,0.00,/en/players/5cbd1eb0/Tyrick-Mitchell
Aleksandar Mitrović,rs SRB,FW,Fulham,26-121,1994,8.8,0.91,0.68,0.11,0.45,0.34,0.23,0.57,40.0,0.34,11.9,4.32,36.2,1.02,3.86,7.05,1.36,0.45,0.00,0.91,0.11,1.02,0.45,0.00,/en/players/3925dbd6/Aleksandar-Mitrovic
Jayson Molumby,ie IRL,MF,Brighton,21-162,1999,0.0,0,0,0,0,0,0,0,,0,1,0,0.0,1,0,0,0,0,0,0,0,0,0,0,/en/players/c908a1bc/Jayson-Molumby
Wes Morgan,jm JAM,DF,Leicester City,36-360,1984,0.2,0.00,0.00,0.00,0.00,0.00,0.00,0.00,,0.00,0.00,0.00,,0.00,0.00,0.00,0.00,0.00,0.00,0.00,0.00,0.00,5.00,0.00,/en/players/80c31c97/Wes-Morgan
Mason Mount,eng ENG,"MF,FW",Chelsea,22-005,1999,15.0,2.33,1.40,0.87,1.00,0.47,0.53,2.27,23.5,1.73,19.9,5.47,27.5,5.07,9.07,5.73,1.27,0.07,0.00,1.20,1.00,3.33,0.73,0.00,/en/players/9674002f/Mason-Mount
Lucas Moura,br BRA,"FW,MF",Tottenham,28-155,1992,5.1,1.96,0.98,0.59,1.18,0.20,0.59,2.35,25.0,1.76,20.8,4.51,21.7,6.47,8.63,5.69,1.18,0.00,0.00,1.18,0.98,2.94,0.78,0.00,/en/players/2b622f01/Lucas-Moura
Lys Mousset,fr FRA,FW,Sheffield Utd,24-342,1996,2.3,0.00,0.00,0.00,0.00,0.00,0.00,1.30,0.0,1.30,18.3,3.91,21.4,0.43,7.39,10.4,0.43,0.43,0.00,0.00,0.00,0.00,0.00,0.00,/en/players/d9cfca3d/Lys-Mousset
João Moutinho,pt POR,MF,Wolves,34-129,1986,12.8,2.89,1.88,1.56,1.17,0.16,1.33,3.52,37.8,2.19,18.0,5.70,31.6,7.27,8.91,1.88,1.56,0.08,0.00,1.48,1.17,4.06,1.33,0.00,/en/players/f5a00fa4/Joao-Moutinho
Jacob Murphy,eng ENG,"DF,FW",Newcastle Utd,25-326,1995,7.3,2.33,1.37,1.10,1.10,0.14,1.37,2.33,58.8,0.96,17.5,3.70,21.1,7.67,6.03,3.84,2.33,0.27,0.00,2.05,0.68,3.01,1.51,0.00,/en/players/de112b84/Jacob-Murphy
Shkodran Mustafi,de GER,DF,Arsenal,28-273,1992,0.5,2.00,2.00,2.00,0.00,0.00,2.00,2.00,100.0,0.00,14.0,4.00,28.6,6.00,8.00,0.00,2.00,0.00,0.00,2.00,0.00,2.00,4.00,0.00,/en/players/3f2d59fe/Shkodran-Mustafi
Marvelous Nakamba,zw ZIM,MF,Aston Villa,26-362,1994,1.2,0.83,0.83,0.83,0.00,0.00,0.00,0.83,0.0,0.83,18.3,8.33,45.5,9.17,7.50,1.67,2.50,0.83,0.00,1.67,0.83,1.67,3.33,0.00,/en/players/de5b5570/Marvelous-Nakamba
Wilfred Ndidi,ng NGA,"MF,DF",Leicester City,24-030,1996,7.1,4.93,2.68,2.54,1.83,0.56,0.85,2.54,33.3,1.69,17.2,6.62,38.5,8.03,7.75,1.41,3.10,0.56,0.00,2.54,1.69,6.62,3.52,0.00,/en/players/6b47c5db/Wilfred-Ndidi
Tanguy Ndombele,fr FRA,MF,Tottenham,24-018,1996,9.8,2.14,1.22,0.31,0.71,1.12,0.61,1.94,31.6,1.33,21.9,6.43,29.3,5.51,11.4,5.00,1.84,0.10,0.00,1.73,0.82,2.96,0.71,0.00,/en/players/5cdddffa/Tanguy-Ndombele
Reiss Nelson,eng ENG,FW,Arsenal,21-036,1999,0.8,0.00,0.00,0.00,0.00,0.00,0.00,0.00,,0.00,16.3,7.50,46.2,2.50,7.50,6.25,1.25,0.00,0.00,1.25,1.25,1.25,1.25,0.00,/en/players/c5bdb6e3/Reiss-Nelson
Pedro Neto,pt POR,"FW,MF",Wolves,20-312,2000,16.0,0.88,0.75,0.38,0.19,0.31,0.25,1.13,22.2,0.88,10.3,2.88,28.0,2.31,4.94,3.00,0.81,0.06,0.00,0.75,0.94,1.81,0.31,0.00,/en/players/7ba2eaa9/Pedro-Neto
Rúben Neves,pt POR,MF,Wolves,23-308,1997,13.8,3.33,2.61,1.96,1.09,0.29,1.38,3.48,39.6,2.10,19.4,6.09,31.3,8.48,9.57,1.38,2.46,0.29,0.00,2.17,0.94,4.28,2.39,0.07,/en/players/44bfb6c5/Ruben-Neves
Eddie Nketiah,eng ENG,FW,Arsenal,21-230,1999,3.6,0.56,0.56,0.00,0.28,0.28,0.00,0.56,0.0,0.56,20.6,2.78,13.5,2.22,10.6,7.78,1.94,0.56,0.00,1.39,0.28,0.83,1.11,0.00,/en/players/a53649b7/Eddie-Nketiah
Niels Nkounkou,fr FRA,DF,Everton,20-075,2000,0.8,5.00,0.00,2.50,1.25,1.25,1.25,5.00,25.0,3.75,25.0,5.00,20.0,7.50,11.3,6.25,5.00,0.00,0.00,5.00,0.00,5.00,5.00,0.00,/en/players/f5b281e7/Niels-Nkounkou
Dan Nlundulu,eng ENG,FW,Southampton,21-345,1999,0.4,0.00,0.00,0.00,0.00,0.00,0.00,2.50,0.0,2.50,30.0,5.00,16.7,7.50,10.0,12.5,2.50,0.00,0.00,2.50,0.00,0.00,0.00,0.00,/en/players/30040f5d/Dan-Nlundulu
Mark Noble,eng ENG,MF,West Ham,33-252,1987,2.5,0.80,0.40,0.00,0.40,0.40,0.40,2.00,20.0,1.60,13.6,2.40,17.6,4.00,7.60,2.00,0.40,0.00,0.00,0.40,1.20,2.00,0.00,0.00,/en/players/ff527768/Mark-Noble
Oliver Norwood,nir NIR,MF,Sheffield Utd,29-278,1991,7.3,1.64,0.96,0.68,0.82,0.14,0.55,3.01,18.2,2.47,16.6,3.97,24.0,5.62,8.90,2.05,1.23,0.27,0.00,0.96,1.37,3.01,1.51,0.00,/en/players/43439614/Oliver-Norwood
Jack O'Connell,eng ENG,DF,Sheffield Utd,26-292,1994,2.0,1.50,0.50,0.50,0.50,0.50,0.00,1.00,0.0,1.00,5.00,2.00,40.0,2.50,1.00,1.50,3.00,1.50,0.00,1.50,0.00,1.50,5.50,0.00,/en/players/312626c1/Jack-OConnell
Dara O'Shea,ie IRL,DF,West Brom,21-317,1999,11.1,2.07,1.35,1.35,0.72,0.00,0.72,1.71,42.1,0.99,10.3,3.87,37.7,6.67,2.97,0.63,2.88,1.17,0.00,1.71,0.99,3.06,5.23,0.00,/en/players/1d042188/Dara-OShea
Michael Obafemi,ie IRL,FW,Southampton,20-193,2000,0.2,0.00,0.00,0.00,0.00,0.00,0.00,0.00,,0.00,30.0,10.0,33.3,20.0,5.00,5.00,0.00,0.00,0.00,0.00,0.00,0.00,0.00,0.00,/en/players/caa1a7f0/Michael-Obafemi
Denis Odoi,be BEL,DF,Fulham,32-233,1988,3.0,1.00,0.00,0.67,0.33,0.00,0.33,1.33,25.0,1.00,7.67,1.00,13.0,3.67,2.67,1.33,2.00,0.33,0.00,1.67,0.33,1.33,3.67,0.00,/en/players/f7750aa0/Denis-Odoi
Angelo Ogbonna,it ITA,DF,West Ham,32-237,1988,16.7,0.96,0.66,0.78,0.12,0.06,0.00,0.54,0.0,0.54,7.84,3.17,40.5,5.03,2.46,0.36,1.80,0.60,0.00,1.20,0.60,1.56,6.65,0.00,/en/players/74b2cd7e/Angelo-Ogbonna
Robin Olsen,se SWE,GK,Everton,31-007,1990,2.0,0.00,0.00,0.00,0.00,0.00,0.00,0.00,,0.00,0.00,0.00,,0.00,0.00,0.00,0.00,0.00,0.00,0.00,0.00,0.00,1.00,0.00,/en/players/e7ee38c3/Robin-Olsen
Josh Onomah,eng ENG,MF,Fulham,23-263,1997,1.5,1.33,0.67,0.00,1.33,0.00,0.00,0.00,,0.00,22.7,6.67,29.4,2.67,12.0,8.00,0.67,0.67,0.00,0.00,0.00,1.33,0.00,0.00,/en/players/6612cd8c/Josh-Onomah
Divock Origi,be BEL,FW,Liverpool,25-272,1995,0.1,10.0,10.0,10.0,0.00,0.00,0.00,0.00,,0.00,30.0,10.0,33.3,20.0,0.00,10.0,0.00,0.00,0.00,0.00,0.00,10.0,0.00,0.00,/en/players/43a166b4/Divock-Origi
Ben Osborn,eng ENG,"MF,DF",Sheffield Utd,26-163,1994,8.5,2.24,1.29,1.29,0.71,0.24,0.82,3.29,25.0,2.47,20.1,4.82,24.0,7.65,8.35,4.12,1.76,0.24,0.00,1.53,0.71,2.94,0.71,0.00,/en/players/79bc4c45/Ben-Osborn
Owen Otasowie,us USA,MF,Wolves,19-270,2001,1.3,3.85,3.08,2.31,1.54,0.00,0.00,0.77,0.0,0.77,16.9,9.23,54.5,4.62,10.0,2.31,2.31,0.77,0.00,1.54,2.31,6.15,0.77,0.00,/en/players/6956ff08/Owen-Otasowie
Alex Oxlade-Chamberlain,eng ENG,"MF,FW",Liverpool,27-153,1993,0.9,0.00,0.00,0.00,0.00,0.00,0.00,2.22,0.0,2.22,7.78,3.33,42.9,0.00,2.22,5.56,2.22,0.00,0.00,2.22,1.11,1.11,0.00,0.00,/en/players/38c7feef/Alex-Oxlade-Chamberlain
Emerson Palmieri,it ITA,DF,Chelsea,26-165,1994,1.0,3.00,2.00,1.00,1.00,1.00,1.00,3.00,33.3,2.00,14.0,3.00,21.4,6.00,3.00,5.00,2.00,0.00,0.00,2.00,1.00,4.00,10.0,0.00,/en/players/e0bc6fdc/Emerson-Palmieri
Thomas Partey,gh GHA,MF,Arsenal,27-216,1993,3.3,3.64,2.42,1.21,2.42,0.00,2.12,4.24,50.0,2.12,15.2,6.97,46.0,4.24,10.0,0.91,1.21,0.00,0.00,1.21,1.52,5.15,0.91,0.00,/en/players/529f49ab/Thomas-Partey
Rui Patrício,pt POR,GK,Wolves,32-335,1988,18.0,0.00,0.00,0.00,0.00,0.00,0.00,0.00,,0.00,0.11,0.00,0.0,0.11,0.00,0.00,0.00,0.00,0.00,0.00,0.00,0.00,0.00,0.00,/en/players/79b0d6a0/Rui-Patricio
Bailey Peacock-Farrell,nir NIR,GK,Burnley,24-078,1996,1.0,0.00,0.00,0.00,0.00,0.00,0.00,0.00,,0.00,0.00,0.00,,0.00,0.00,0.00,0.00,0.00,0.00,0.00,0.00,0.00,0.00,0.00,/en/players/4879f8cb/Bailey-Peacock-Farrell
Lee Peltier,eng ENG,DF,West Brom,34-035,1986,1.0,4.00,3.00,4.00,0.00,0.00,2.00,2.00,100.0,0.00,9.00,4.00,44.4,4.00,4.00,1.00,0.00,0.00,0.00,0.00,1.00,5.00,5.00,0.00,/en/players/af341b88/Lee-Peltier
Nicolas Pépé,ci CIV,"FW,MF",Arsenal,25-231,1995,5.4,1.11,0.93,0.56,0.37,0.19,0.56,0.93,60.0,0.37,14.4,3.89,26.9,2.41,6.48,5.56,1.85,0.00,0.00,1.85,0.74,1.85,0.37,0.19,/en/players/57e3f0c7/Nicolas-Pepe
Matheus Pereira,br BRA,"MF,FW",West Brom,24-255,1996,10.2,1.47,0.88,0.59,0.69,0.20,0.29,1.57,18.8,1.27,14.9,5.00,33.6,3.43,7.75,3.73,0.98,0.00,0.00,0.98,0.88,2.35,1.08,0.00,/en/players/b04ee927/Matheus-Pereira
Ayoze Pérez,es ESP,"MF,FW",Leicester City,27-176,1993,6.0,3.17,1.17,1.17,1.67,0.33,0.83,3.50,23.8,2.67,25.2,6.17,24.5,6.00,12.0,7.17,1.83,0.17,0.00,1.67,1.50,4.67,0.50,0.00,/en/players/819aa8e7/Ayoze-Perez
Kalvin Phillips,eng ENG,MF,Leeds United,25-044,1995,13.5,2.89,1.78,1.63,0.89,0.37,0.89,2.81,31.6,1.93,19.0,6.81,35.9,7.85,9.48,1.63,2.89,0.74,0.00,2.15,1.93,4.81,1.93,0.00,/en/players/4f565d77/Kalvin-Phillips
Matt Phillips,sco SCO,"MF,DF",West Brom,29-308,1991,7.2,1.11,0.56,0.28,0.42,0.42,0.28,1.39,20.0,1.11,16.8,3.89,23.1,5.42,6.94,4.44,2.22,0.14,0.14,2.08,0.56,1.67,1.11,0.00,/en/players/7bb5f40e/Matt-Phillips
Nathaniel Phillips,eng ENG,DF,Liverpool,23-300,1997,3.0,1.00,0.33,1.00,0.00,0.00,0.00,0.67,0.0,0.67,10.7,4.33,40.6,4.67,5.33,0.67,0.67,0.67,0.00,0.00,0.67,1.67,5.67,0.00,/en/players/515ebe8d/Nathaniel-Phillips
Jordan Pickford,eng ENG,GK,Everton,26-314,1994,15.0,0.00,0.00,0.00,0.00,0.00,0.00,0.07,0.0,0.07,0.33,0.07,20.0,0.33,0.00,0.00,0.07,0.00,0.00,0.07,0.00,0.00,0.13,0.07,/en/players/4806ec67/Jordan-Pickford
Erik Pieters,nl NED,"DF,MF",Burnley,32-161,1988,5.0,2.40,1.00,1.00,1.40,0.00,0.80,2.40,33.3,1.60,15.8,2.40,15.2,6.20,6.80,2.80,2.40,0.00,0.00,2.40,0.00,2.40,2.60,0.00,/en/players/1ef37668/Erik-Pieters
Daniel Podence,pt POR,"FW,MF",Wolves,25-086,1995,12.4,1.13,0.56,0.16,0.56,0.40,0.32,1.13,28.6,0.81,11.9,3.71,31.1,2.42,5.32,4.19,0.40,0.08,0.00,0.32,0.97,2.10,0.32,0.00,/en/players/7fcc71d8/Daniel-Podence
Paul Pogba,fr FRA,"MF,FW",Manchester Utd,27-306,1993,10.6,2.17,1.42,0.75,1.23,0.19,0.57,1.79,31.6,1.23,14.0,4.43,31.8,4.34,6.51,3.11,1.04,0.09,0.00,0.94,0.66,2.83,2.36,0.00,/en/players/867239d3/Paul-Pogba
Nick Pope,eng ENG,GK,Burnley,28-271,1992,15.0,0.07,0.00,0.07,0.00,0.00,0.07,0.13,50.0,0.07,0.27,0.07,25.0,0.27,0.00,0.00,0.00,0.00,0.00,0.00,0.00,0.07,0.07,0.00,/en/players/4b40d9ca/Nick-Pope
Dennis Praet,be BEL,"MF,FW",Leicester City,26-246,1994,7.3,1.64,0.96,0.68,0.82,0.14,0.82,1.78,46.2,0.96,17.3,4.11,23.8,4.79,8.22,4.25,1.92,0.27,0.00,1.64,0.96,2.60,0.41,0.00,/en/players/86695068/Dennis-Praet
Davy Pröpper,nl NED,MF,Brighton,29-135,1991,2.0,2.00,1.50,0.00,2.00,0.00,0.00,1.00,0.0,1.00,12.0,5.50,45.8,5.50,5.50,1.00,1.00,0.00,0.00,1.00,0.50,2.50,0.00,0.00,/en/players/fdd85f94/Davy-Propper
Christian Pulisic,us USA,"FW,MF",Chelsea,22-119,1998,7.7,1.30,0.65,0.65,0.65,0.00,0.26,1.17,22.2,0.91,13.8,4.29,31.1,2.60,6.88,4.29,2.08,0.13,0.00,1.95,0.78,2.08,0.52,0.00,/en/players/1bf33a9a/Christian-Pulisic
Aaron Ramsdale,eng ENG,GK,Sheffield Utd,22-246,1998,18.0,0.00,0.00,0.00,0.00,0.00,0.00,0.00,,0.00,0.22,0.06,25.0,0.17,0.00,0.06,0.00,0.00,0.00,0.00,0.00,0.00,0.00,0.11,/en/players/466fb2c5/Aaron-Ramsdale
Jacob Ramsey,eng ENG,"MF,FW",Aston Villa,19-232,2001,1.4,0.00,0.00,0.00,0.00,0.00,0.00,1.43,0.0,1.43,21.4,2.86,13.3,8.57,11.4,1.43,1.43,0.71,0.00,0.71,0.00,0.00,0.71,0.00,/en/players/1544f145/Jacob-Ramsey
Darren Randolph,ie IRL,GK,West Ham,33-248,1987,1.0,0.00,0.00,0.00,0.00,0.00,0.00,0.00,,0.00,0.00,0.00,,0.00,0.00,0.00,0.00,0.00,0.00,0.00,0.00,0.00,0.00,0.00,/en/players/6385ebfb/Darren-Randolph
Marcus Rashford,eng ENG,FW,Manchester Utd,23-076,1997,16.0,0.25,0.19,0.06,0.06,0.13,0.00,0.63,0.0,0.63,9.56,2.38,24.8,1.56,3.69,4.31,0.63,0.06,0.00,0.56,0.44,0.69,0.50,0.00,/en/players/a1d5bd30/Marcus-Rashford
Tim Ream,us USA,DF,Fulham,33-102,1987,5.0,1.00,0.40,1.00,0.00,0.00,0.40,1.00,40.0,0.60,5.00,1.20,24.0,2.40,2.60,0.00,1.80,0.80,0.00,1.00,0.60,1.60,3.40,0.20,/en/players/28b40c9c/Tim-Ream
Nathan Redmond,eng ENG,MF,Southampton,26-315,1994,4.5,2.44,1.33,1.33,0.89,0.22,0.67,1.78,37.5,1.11,14.4,4.44,30.8,4.44,6.44,3.56,1.11,0.00,0.00,1.11,0.00,2.44,0.67,0.00,/en/players/ab651565/Nathan-Redmond
Harrison Reed,eng ENG,MF,Fulham,25-354,1995,8.9,2.25,1.12,0.67,1.35,0.22,0.67,3.71,18.2,3.03,19.0,5.84,30.8,7.53,8.99,2.47,1.69,0.45,0.00,1.24,1.80,4.04,1.35,0.00,/en/players/803ae100/Harrison-Reed
Sergio Reguilón,es ESP,DF,Tottenham,24-030,1996,10.8,2.50,1.48,1.76,0.65,0.09,0.74,2.04,36.4,1.30,16.5,4.17,25.3,8.80,5.19,2.50,2.69,0.46,0.00,2.22,1.20,3.70,2.78,0.00,/en/players/3353737a/Sergio-Reguilon
Bobby Reid,jm JAM,"DF,FW",Fulham,27-348,1993,11.3,1.24,0.71,0.44,0.53,0.27,0.35,1.06,33.3,0.71,13.6,3.89,28.6,4.16,5.66,3.81,1.50,0.18,0.00,1.33,0.80,2.04,1.06,0.00,/en/players/0f7533cd/Bobby-Reid
Declan Rice,eng ENG,MF,West Ham,22-001,1999,17.0,2.65,1.88,1.59,1.00,0.06,1.06,2.06,51.4,1.00,15.4,5.00,32.4,6.53,7.76,1.12,1.65,0.24,0.00,1.41,1.76,4.41,1.06,0.06,/en/players/1c7012b8/Declan-Rice
Richarlison,br BRA,FW,Everton,23-250,1997,11.2,2.05,1.34,1.25,0.71,0.09,0.63,1.52,41.2,0.89,16.0,5.09,31.8,4.46,6.61,4.91,1.07,0.09,0.00,0.98,0.45,2.50,0.89,0.00,/en/players/fa031b34/Richarlison
Jaïro Riedewald,nl NED,MF,Crystal Palace,24-128,1996,6.7,2.09,1.04,1.04,0.75,0.30,0.90,1.94,46.2,1.04,11.3,2.84,25.0,5.67,4.48,1.19,2.39,0.60,0.00,1.79,0.30,2.39,1.04,0.00,/en/players/7a1f2c08/Jairo-Riedewald
Matt Ritchie,sco SCO,"DF,MF",Newcastle Utd,31-127,1989,5.9,1.36,0.68,0.68,0.34,0.34,0.34,1.53,22.2,1.19,9.83,2.54,25.9,5.08,3.39,1.36,2.20,0.17,0.00,2.03,0.85,2.20,2.88,0.00,/en/players/71ef519e/Matt-Ritchie
Tyler Roberts,wal WAL,"MF,FW",Leeds United,22-003,1999,2.7,1.11,0.37,0.37,0.74,0.00,0.00,1.48,0.0,1.48,22.6,4.81,21.3,2.96,11.5,8.15,1.48,0.37,0.00,1.11,0.00,1.11,0.37,0.00,/en/players/6c17e046/Tyler-Roberts
Andrew Robertson,sco SCO,DF,Liverpool,26-310,1994,17.0,0.94,0.59,0.65,0.24,0.06,0.53,1.29,40.9,0.76,7.88,3.00,38.1,2.94,2.35,2.59,1.82,0.41,0.00,1.41,0.53,1.47,1.88,0.06,/en/players/2e4f5f03/Andrew-Robertson
Antonee Robinson,us USA,DF,Fulham,23-160,1997,13.0,1.85,1.08,1.15,0.38,0.31,0.85,1.77,47.8,0.92,9.23,3.23,35.0,5.00,2.15,2.08,2.69,0.38,0.00,2.31,1.77,3.62,3.38,0.00,/en/players/289601e6/Antonee-Robinson
Callum Robinson,ie IRL,"FW,MF",West Brom,25-348,1995,9.4,0.43,0.11,0.11,0.11,0.21,0.11,0.85,12.5,0.74,14.3,3.72,26.1,1.70,5.11,7.45,0.64,0.00,0.00,0.64,0.43,0.85,0.74,0.00,/en/players/e75750a3/Callum-Robinson
Jack Robinson,eng ENG,DF,Sheffield Utd,27-136,1993,6.7,1.79,1.19,1.04,0.75,0.00,0.75,0.75,100.0,0.00,7.76,3.13,40.4,4.18,2.69,0.90,1.34,0.60,0.00,0.75,0.90,2.69,4.48,0.00,/en/players/7399c7a8/Jack-Robinson
Hal Robson-Kanu,wal WAL,"FW,MF",West Brom,31-239,1989,1.6,0.63,0.63,0.63,0.00,0.00,0.00,0.00,,0.00,17.5,1.88,10.7,1.88,8.75,6.88,1.88,0.00,0.00,1.88,0.00,0.63,1.88,0.00,/en/players/fb2dec57/Hal-Robson-Kanu
Marek Rodák,sk SVK,GK,Fulham,24-033,1996,1.0,0.00,0.00,0.00,0.00,0.00,0.00,1.00,0.0,1.00,2.00,0.00,0.0,2.00,0.00,0.00,0.00,0.00,0.00,0.00,0.00,0.00,0.00,0.00,/en/players/17acc2ed/Marek-Rodak
Joe Rodon,wal WAL,DF,Tottenham,23-085,1997,1.1,0.91,0.91,0.91,0.00,0.00,0.91,0.91,100.0,0.00,4.55,1.82,40.0,2.73,1.82,0.00,0.91,0.91,0.00,0.00,0.91,1.82,7.27,0.91,/en/players/8d62d31a/Joe-Rodon
Rodri,es ESP,MF,Manchester City,24-207,1996,15.1,2.19,1.72,0.79,1.06,0.33,0.93,2.45,37.8,1.52,14.9,5.23,35.1,5.43,7.48,1.99,1.52,0.33,0.00,1.19,0.79,2.98,1.99,0.07,/en/players/6434f10d/Rodri
Rodrigo,es ESP,MF,Leeds United,29-315,1991,9.1,1.32,0.88,0.77,0.33,0.22,0.11,1.76,6.3,1.65,15.9,4.07,25.5,3.41,7.91,4.62,0.88,0.00,0.00,0.88,0.33,1.65,0.55,0.00,/en/players/1fb1c435/Rodrigo
James Rodríguez,co COL,"FW,MF",Everton,29-187,1991,10.6,1.04,0.66,0.19,0.66,0.19,0.38,2.36,16.0,1.98,11.5,3.30,28.7,3.40,5.57,2.55,1.32,0.00,0.00,1.32,0.66,1.70,0.09,0.00,/en/players/715bf047/James-Rodriguez
Jay Rodriguez,eng ENG,"FW,MF",Burnley,31-170,1989,6.2,0.97,0.48,0.48,0.48,0.00,0.16,1.13,14.3,0.97,18.5,4.35,23.5,3.71,7.42,7.42,1.94,0.48,0.00,1.45,0.48,1.45,0.65,0.00,/en/players/4ab53cdb/Jay-Rodriguez
Oriol Romeu,es ESP,MF,Southampton,29-113,1991,14.5,3.52,1.66,1.38,1.86,0.28,0.97,3.10,31.1,2.14,17.2,5.17,30.1,6.21,9.59,1.38,1.66,0.41,0.00,1.24,1.03,4.55,0.90,0.00,/en/players/4b511457/Oriol-Romeu
Antonio Rüdiger,de GER,DF,Chelsea,27-318,1993,2.0,0.50,0.00,0.50,0.00,0.00,0.00,0.50,0.0,0.50,4.00,1.00,25.0,3.00,1.00,0.00,2.00,1.50,0.00,0.50,0.00,0.50,3.50,0.00,/en/players/18b896d6/Antonio-Rudiger
Mathew Ryan,au AUS,GK,Brighton,28-282,1992,11.0,0.00,0.00,0.00,0.00,0.00,0.00,0.00,,0.00,0.18,0.00,0.0,0.18,0.00,0.00,0.00,0.00,0.00,0.00,0.00,0.00,0.09,0.00,/en/players/4535e4bb/Mathew-Ryan
Allan Saint-Maximin,fr FRA,"FW,MF",Newcastle Utd,23-309,1997,6.5,1.23,0.92,0.62,0.46,0.15,0.15,0.62,25.0,0.46,11.5,3.23,28.0,2.46,6.31,2.77,0.62,0.00,0.00,0.62,0.31,1.54,0.00,0.00,/en/players/2b16cb1a/Allan-Saint-Maximin
Romain Saïss,ma MAR,DF,Wolves,30-295,1990,12.7,1.10,0.71,0.94,0.16,0.00,0.39,1.02,38.5,0.63,8.27,2.83,34.3,5.75,2.36,0.16,2.05,0.63,0.08,1.42,0.94,2.05,6.14,0.00,/en/players/9fbbcf39/Romain-Saiss
Bukayo Saka,eng ENG,"FW,DF",Arsenal,19-132,2001,14.7,0.95,0.68,0.27,0.61,0.07,0.07,1.09,6.3,1.02,11.1,3.40,30.7,2.72,4.63,3.74,1.77,0.14,0.00,1.63,0.82,1.77,1.09,0.00,/en/players/bc7dc64d/Bukayo-Saka
Mamadou Sakho,fr FRA,DF,Crystal Palace,30-337,1990,3.1,1.29,0.65,0.32,0.97,0.00,0.97,0.97,100.0,0.00,4.52,1.94,42.9,2.58,1.94,0.00,0.97,0.65,0.00,0.32,0.00,1.29,4.52,0.32,/en/players/87935cf3/Mamadou-Sakho
Mohamed Salah,eg EGY,FW,Liverpool,28-214,1992,15.0,1.07,0.53,0.27,0.40,0.40,0.33,0.53,62.5,0.20,12.4,4.47,36.0,0.93,3.53,7.93,0.40,0.07,0.00,0.33,0.20,1.27,0.20,0.00,/en/players/e342ad68/Mohamed-Salah
Davinson Sánchez,co COL,DF,Tottenham,24-217,1996,6.0,2.33,1.50,1.83,0.50,0.00,0.83,1.83,45.5,1.00,9.83,2.67,27.1,6.17,3.17,0.50,1.17,0.50,0.00,0.67,0.50,2.83,6.00,0.00,/en/players/da7b447d/Davinson-Sanchez
Robert Sánchez,es ESP,GK,Brighton,23-058,1997,7.0,0.00,0.00,0.00,0.00,0.00,0.00,0.00,,0.00,0.00,0.00,,0.00,0.00,0.00,0.00,0.00,0.00,0.00,0.00,0.00,0.00,0.00,/en/players/6a713852/Robert-Sanchez
Romaine Sawyers,kn SKN,MF,West Brom,29-074,1991,12.7,1.65,1.02,1.02,0.55,0.08,0.71,2.28,31.0,1.57,20.7,4.88,23.6,10.2,8.82,1.65,1.18,0.16,0.00,1.02,1.57,3.23,0.71,0.08,/en/players/77bb1522/Romaine-Sawyers
Fabian Schär,ch SUI,DF,Newcastle Utd,29-026,1991,8.6,1.28,0.81,0.81,0.47,0.00,0.47,2.09,22.2,1.63,8.14,2.44,30.0,4.88,2.91,0.35,2.09,1.16,0.00,0.93,1.05,2.33,4.19,0.00,/en/players/c8aa95da/Fabian-Schar
Jeffrey Schlupp,gh GHA,MF,Crystal Palace,28-023,1992,10.8,1.48,0.65,0.74,0.56,0.19,0.56,1.67,33.3,1.11,13.8,3.43,24.8,5.37,6.30,2.13,2.59,0.65,0.00,1.94,0.93,2.41,0.46,0.09,/en/players/3312f911/Jeffrey-Schlupp
Kasper Schmeichel,dk DEN,GK,Leicester City,34-071,1986,17.0,0.00,0.00,0.00,0.00,0.00,0.00,0.00,,0.00,0.06,0.00,0.0,0.06,0.00,0.00,0.00,0.00,0.00,0.00,0.00,0.00,0.00,0.00,/en/players/53af52f3/Kasper-Schmeichel
Nélson Semedo,pt POR,DF,Wolves,27-060,1993,14.7,2.45,1.56,1.70,0.41,0.34,1.09,2.11,51.6,1.02,15.1,4.97,32.9,7.76,4.69,2.65,2.38,0.61,0.00,1.77,1.16,3.61,2.45,0.00,/en/players/d04b94db/Nelson-Semedo
Jamie Shackleton,eng ENG,"MF,DF",Leeds United,21-099,1999,3.4,1.76,1.18,1.18,0.59,0.00,0.29,1.47,20.0,1.18,14.1,2.94,20.8,4.71,6.18,3.24,1.47,0.29,0.00,1.18,1.47,3.24,1.47,0.00,/en/players/8d03ca5a/Jamie-Shackleton
Xherdan Shaqiri,ch SUI,"MF,FW",Liverpool,29-097,1991,1.0,3.00,3.00,2.00,1.00,0.00,0.00,1.00,0.0,1.00,14.0,8.00,57.1,3.00,5.00,6.00,0.00,0.00,0.00,0.00,1.00,4.00,0.00,0.00,/en/players/6421ec64/Xherdan-Shaqiri
Billy Sharp,eng ENG,FW,Sheffield Utd,34-345,1986,2.5,0.40,0.00,0.00,0.40,0.00,0.00,1.20,0.0,1.20,22.4,6.80,30.4,2.40,8.40,11.6,0.80,0.00,0.00,0.80,0.40,0.80,0.00,0.00,/en/players/e8c9f4e9/Billy-Sharp
Luke Shaw,eng ENG,DF,Manchester Utd,25-187,1995,11.9,2.77,1.93,1.34,0.92,0.50,1.26,2.02,62.5,0.76,12.5,5.21,41.6,4.62,5.80,2.10,2.18,0.17,0.00,2.02,0.59,3.36,2.10,0.08,/en/players/9c94165b/Luke-Shaw
Jonjo Shelvey,eng ENG,MF,Newcastle Utd,28-323,1992,8.1,1.98,1.23,0.99,0.86,0.12,0.49,1.85,26.7,1.36,14.0,2.47,17.7,5.06,6.42,2.47,1.36,0.62,0.12,0.74,0.49,2.47,1.60,0.00,/en/players/3727dd3c/Jonjo-Shelvey
Gylfi Sigurðsson,is ISL,MF,Everton,31-129,1989,10.0,1.40,0.90,0.50,0.70,0.20,0.30,2.00,15.0,1.70,19.2,5.30,27.6,6.10,9.20,3.90,2.30,0.20,0.00,2.10,1.10,2.50,0.60,0.00,/en/players/76dd1480/Gylfi-Sigurdsson
Bernardo Silva,pt POR,"FW,MF",Manchester City,26-158,1994,8.2,1.59,1.10,0.61,0.85,0.12,0.49,2.20,22.2,1.71,18.8,5.61,29.9,3.78,9.02,5.98,0.61,0.12,0.00,0.49,0.49,2.07,0.37,0.00,/en/players/3eb22ec9/Bernardo-Silva
Fábio Silva,pt POR,FW,Wolves,18-180,2002,6.7,0.60,0.30,0.15,0.45,0.00,0.15,0.60,25.0,0.45,13.0,2.24,17.2,1.79,7.76,3.43,0.60,0.00,0.00,0.60,0.45,1.04,0.30,0.00,/en/players/e7aa9d7c/Fabio-Silva
Thiago Silva,br BRA,DF,Chelsea,36-115,1984,11.8,1.19,0.68,0.93,0.17,0.08,0.59,0.93,63.6,0.34,4.41,1.53,34.6,2.03,2.12,0.25,1.44,0.85,0.00,0.59,1.27,2.46,4.75,0.08,/en/players/86e7deaf/Thiago-Silva
Moussa Sissoko,fr FRA,MF,Tottenham,31-152,1989,12.8,1.56,1.25,1.33,0.23,0.00,0.55,1.33,41.2,0.78,13.8,4.38,31.6,7.89,4.61,1.33,1.56,0.23,0.00,1.33,0.94,2.50,1.80,0.00,/en/players/2acd49b9/Moussa-Sissoko
Islam Slimani,dz ALG,FW,Leicester City,32-211,1988,0.2,0.00,0.00,0.00,0.00,0.00,0.00,0.00,,0.00,25.0,10.0,40.0,0.00,15.0,10.0,0.00,0.00,0.00,0.00,0.00,0.00,0.00,0.00,/en/players/ffec9769/Islam-Slimani
William Smallbone,ie IRL,MF,Southampton,20-329,2000,1.2,2.50,0.83,1.67,0.83,0.00,0.00,2.50,0.0,2.50,18.3,7.50,40.9,4.17,9.17,5.00,0.83,0.00,0.00,0.83,0.83,3.33,0.00,0.00,/en/players/5e105217/William-Smallbone
Emile Smith-Rowe,eng ENG,MF,Arsenal,20-171,2000,3.5,1.14,0.86,0.29,0.86,0.00,0.57,1.14,50.0,0.57,16.9,4.86,28.8,2.86,8.00,6.00,0.29,0.00,0.00,0.29,0.57,1.71,0.86,0.00,/en/players/17695062/Emile-Smith-Rowe
Robert Snodgrass,sco SCO,"FW,DF",West Ham,33-130,1987,0.1,10.0,10.0,0.00,0.00,10.0,0.00,0.00,,0.00,0.00,0.00,,0.00,0.00,0.00,0.00,0.00,0.00,0.00,0.00,10.0,0.00,0.00,/en/players/9f4647e9/Robert-Snodgrass
Cédric Soares,pt POR,MF,Arsenal,29-137,1991,0.1,0.00,0.00,0.00,0.00,0.00,0.00,10.0,0.0,10.0,0.00,0.00,,0.00,0.00,0.00,0.00,0.00,0.00,0.00,0.00,0.00,0.00,0.00,/en/players/839c14e1/Cedric-Soares
Tomáš Souček,cz CZE,MF,West Ham,25-323,1995,17.0,1.94,1.12,0.71,1.00,0.24,0.71,2.41,29.3,1.71,14.9,3.94,26.5,5.24,7.35,2.29,1.24,0.24,0.00,1.00,1.35,3.29,2.82,0.06,/en/players/6613c819/Tomas-Soucek
Çağlar Söyüncü,tr TUR,DF,Leicester City,24-237,1996,4.1,0.98,0.98,0.24,0.73,0.00,0.24,0.98,25.0,0.73,9.02,3.41,37.8,5.12,3.41,0.49,1.95,0.98,0.00,0.98,0.98,1.95,4.15,0.24,/en/players/21166ff4/Caglar-Soyuncu
Zack Steffen,us USA,GK,Manchester City,25-288,1995,1.0,0.00,0.00,0.00,0.00,0.00,0.00,0.00,,0.00,0.00,0.00,,0.00,0.00,0.00,0.00,0.00,0.00,0.00,0.00,0.00,0.00,0.00,/en/players/42130443/Zack-Steffen
Dale Stephens,eng ENG,MF,Burnley,31-217,1989,2.6,3.08,1.54,1.15,1.54,0.38,1.54,2.69,57.1,1.15,13.8,5.38,38.9,3.85,8.85,1.15,1.15,0.00,0.00,1.15,0.77,3.85,0.00,0.00,/en/players/653ee42d/Dale-Stephens
Jack Stephens,eng ENG,DF,Southampton,26-354,1994,6.5,2.46,1.23,1.54,0.77,0.15,1.08,2.31,46.7,1.23,8.77,2.92,33.3,4.92,3.38,0.46,1.54,0.77,0.00,0.77,1.23,3.69,5.69,0.00,/en/players/6adbc307/Jack-Stephens
Raheem Sterling,eng ENG,FW,Manchester City,26-038,1994,13.2,0.98,0.98,0.08,0.68,0.23,0.30,0.91,33.3,0.61,11.4,3.41,29.8,1.52,5.30,4.62,0.83,0.00,0.00,0.83,0.23,1.21,0.08,0.00,/en/players/b400bde0/Raheem-Sterling
Enda Stevens,ie IRL,DF,Sheffield Utd,30-190,1990,14.0,2.07,1.07,1.07,0.71,0.29,0.64,1.79,36.0,1.14,12.1,3.14,26.0,5.86,4.00,2.21,2.21,0.43,0.00,1.79,1.36,3.43,3.21,0.07,/en/players/17d4507a/Enda-Stevens
John Stones,eng ENG,DF,Manchester City,26-232,1994,8.0,0.75,0.38,0.50,0.25,0.00,0.38,0.63,60.0,0.25,4.88,1.50,30.8,2.38,2.38,0.13,2.00,0.63,0.00,1.38,0.50,1.25,2.63,0.00,/en/players/5eecec3d/John-Stones
Pascal Struijk,nl NED,"DF,MF",Leeds United,21-157,1999,6.3,1.59,0.79,1.11,0.48,0.00,0.48,1.59,30.0,1.11,14.4,4.92,34.1,6.51,6.67,1.27,1.27,0.48,0.00,0.79,1.43,3.02,4.44,0.00,/en/players/f4d296e4/Pascal-Struijk
Matt Targett,eng ENG,DF,Aston Villa,25-119,1995,15.0,2.20,1.53,0.93,0.67,0.60,1.13,2.33,48.6,1.20,8.73,3.33,38.2,3.93,3.20,1.60,2.00,0.40,0.00,1.60,0.73,2.93,3.07,0.00,/en/players/e514ab62/Matt-Targett
James Tarkowski,eng ENG,DF,Burnley,28-057,1992,14.0,2.14,1.21,1.79,0.29,0.07,0.93,1.50,61.9,0.57,6.57,3.00,45.7,4.43,1.93,0.21,1.79,1.07,0.00,0.71,1.00,3.14,6.36,0.07,/en/players/15ea812b/James-Tarkowski
Percy Tau,za RSA,FW,Brighton,26-247,1994,0.7,1.43,0.00,1.43,0.00,0.00,1.43,2.86,50.0,1.43,21.4,1.43,6.7,8.57,10.0,2.86,0.00,0.00,0.00,0.00,0.00,1.43,0.00,0.00,/en/players/4d0eb7d2/Percy-Tau
Charlie Taylor,eng ENG,DF,Burnley,27-119,1993,14.1,1.84,0.92,1.06,0.50,0.28,0.99,1.84,53.8,0.85,7.94,2.06,25.9,3.76,3.05,1.13,2.41,0.64,0.00,1.77,0.50,2.34,3.19,0.00,/en/players/cc2d7ad5/Charlie-Taylor
Nathan Tella,eng ENG,"FW,MF",Southampton,21-194,1999,1.8,0.56,0.00,0.00,0.56,0.00,0.56,1.11,50.0,0.56,26.1,6.11,23.4,2.78,13.3,10.0,1.67,0.00,0.00,1.67,0.00,0.56,0.56,0.00,/en/players/f1e94cd6/Nathan-Tella
Alex Telles,br BRA,DF,Manchester Utd,28-031,1992,4.8,1.67,0.83,1.46,0.21,0.00,0.63,1.46,42.9,0.83,9.17,2.71,29.5,4.38,3.13,1.67,1.67,0.00,0.00,1.67,1.25,2.92,3.33,0.00,/en/players/e73c9bb2/Alex-Telles
Kenny Tete,nl NED,DF,Fulham,25-098,1995,2.2,1.82,0.91,0.91,0.45,0.45,0.00,1.82,0.0,1.82,10.5,2.27,21.7,4.55,4.09,1.82,1.82,0.00,0.00,1.82,0.00,1.82,3.64,0.00,/en/players/77d7c96f/Kenny-Tete
Luke Thomas,eng ENG,DF,Leicester City,,,3.0,1.67,0.67,0.67,0.00,1.00,0.67,1.67,40.0,1.00,18.7,6.33,33.9,7.33,8.33,3.00,2.67,0.00,0.00,2.67,1.67,3.33,2.33,0.00,/en/players/fc027d02/Luke-Thomas
Youri Tielemans,be BEL,MF,Leicester City,23-253,1997,16.4,1.65,1.34,0.73,0.67,0.24,0.37,2.38,15.4,2.01,14.5,4.94,34.2,4.57,7.26,2.62,1.52,0.24,0.00,1.28,0.73,2.38,0.43,0.00,/en/players/56f7a928/Youri-Tielemans
Kieran Tierney,sco SCO,DF,Arsenal,23-224,1997,15.9,1.07,0.57,0.38,0.50,0.19,0.31,0.94,33.3,0.63,6.54,2.14,32.7,2.70,2.70,1.13,2.01,0.44,0.00,1.57,0.69,1.76,3.02,0.00,/en/players/fce2302c/Kieran-Tierney
James Tomkins,eng ENG,DF,Crystal Palace,31-292,1989,3.3,0.61,0.30,0.61,0.00,0.00,0.61,0.91,66.7,0.30,4.85,1.52,31.3,3.94,0.91,0.00,1.21,0.30,0.00,0.91,0.61,1.21,7.58,0.00,/en/players/e7ca0439/James-Tomkins
Fikayo Tomori,eng ENG,DF,Chelsea,23-027,1997,0.5,6.00,4.00,2.00,4.00,0.00,4.00,4.00,100.0,0.00,6.00,2.00,33.3,6.00,0.00,0.00,8.00,6.00,0.00,2.00,2.00,8.00,16.0,0.00,/en/players/7edfbb8a/Fikayo-Tomori
Ferrán Torres,es ESP,FW,Manchester City,20-321,2000,6.3,0.48,0.16,0.16,0.32,0.00,0.32,1.11,28.6,0.79,11.1,3.17,28.6,1.75,4.76,4.60,0.48,0.16,0.00,0.32,0.16,0.63,0.00,0.16,/en/players/9e1035f8/Ferran-Torres
Cenk Tosun,tr TUR,FW,Everton,29-222,1991,0.5,0.00,0.00,0.00,0.00,0.00,0.00,0.00,,0.00,16.0,2.00,12.5,4.00,8.00,4.00,0.00,0.00,0.00,0.00,0.00,0.00,0.00,0.00,/en/players/9a104dee/Cenk-Tosun
Andros Townsend,eng ENG,MF,Crystal Palace,29-183,1991,13.4,2.76,1.57,1.34,0.97,0.45,0.90,3.43,26.1,2.54,19.9,5.30,26.7,9.10,7.84,2.91,2.31,0.07,0.00,2.24,1.57,4.33,0.60,0.00,/en/players/b28bbd58/Andros-Townsend
Conor Townsend,eng ENG,DF,West Brom,27-317,1993,7.8,1.79,1.15,1.15,0.64,0.00,0.90,1.67,53.8,0.77,11.2,3.08,27.6,5.13,4.23,1.79,1.67,0.90,0.13,0.77,0.90,2.69,1.92,0.00,/en/players/4dc4f138/Conor-Townsend
Adama Traoré,es ESP,"FW,DF",Wolves,24-356,1996,11.5,1.39,0.87,0.87,0.43,0.09,0.52,0.96,54.5,0.43,11.6,4.17,36.1,3.22,6.35,2.00,0.96,0.00,0.00,0.96,0.26,1.65,0.61,0.00,/en/players/9a28eba4/Adama-Traore
Bertrand Traoré,bf BFA,"FW,MF",Aston Villa,25-131,1995,6.8,0.88,0.29,0.44,0.15,0.29,0.29,1.47,20.0,1.18,15.0,2.94,19.6,3.82,6.03,5.15,0.59,0.00,0.00,0.59,0.74,1.62,1.32,0.00,/en/players/c47541e0/Bertrand-Traore
Trézéguet,eg EGY,FW,Aston Villa,26-106,1994,8.0,2.63,1.38,1.13,1.13,0.38,0.88,2.63,33.3,1.75,21.6,4.63,21.4,6.75,9.00,5.88,2.25,0.13,0.00,2.13,0.75,3.38,1.63,0.00,/en/players/3ae14ed1/Trezeguet
Leandro Trossard,be BEL,"FW,MF",Brighton,26-042,1994,12.3,0.89,0.57,0.16,0.65,0.08,0.24,0.89,27.3,0.65,11.8,3.98,33.8,2.93,4.80,4.07,1.46,0.16,0.00,1.30,0.33,1.22,0.24,0.00,/en/players/38ceb24a/Leandro-Trossard
Axel Tuanzebe,eng ENG,DF,Manchester Utd,23-062,1997,0.6,1.67,0.00,0.00,1.67,0.00,1.67,3.33,50.0,1.67,18.3,3.33,18.2,10.0,6.67,1.67,5.00,1.67,0.00,3.33,0.00,1.67,1.67,0.00,/en/players/2baec6ce/Axel-Tuanzebe
Cengiz Ünder,tr TUR,"MF,FW",Leicester City,23-185,1997,2.3,1.30,1.30,0.00,0.87,0.43,0.43,0.87,50.0,0.43,15.7,6.09,38.9,4.78,6.09,4.78,1.74,0.00,0.00,1.74,1.30,2.61,0.00,0.00,/en/players/1880614f/Cengiz-Under
Yan Valery,fr FRA,MF,Southampton,21-328,1999,0.1,0.00,0.00,0.00,0.00,0.00,0.00,0.00,,0.00,20.0,0.00,0.0,10.0,10.0,0.00,10.0,0.00,0.00,10.0,0.00,0.00,0.00,0.00,/en/players/531a4aa8/Yan-Valery
Jamie Vardy,eng ENG,FW,Leicester City,34-004,1987,14.5,0.34,0.14,0.07,0.07,0.21,0.00,0.48,0.0,0.48,9.52,2.28,23.9,0.34,3.31,5.86,0.34,0.21,0.00,0.14,0.21,0.55,1.17,0.00,/en/players/45963054/Jamie-Vardy
Joël Veltman,nl NED,DF,Brighton,29-000,1992,10.6,3.30,1.89,2.26,0.85,0.19,1.60,2.64,60.7,1.04,10.3,3.68,35.8,5.57,3.40,1.32,1.42,0.28,0.00,1.13,1.04,4.34,3.40,0.00,/en/players/dad4b285/Joel-Veltman
Jannik Vestergaard,dk DEN,DF,Southampton,28-165,1992,12.5,1.52,1.12,0.88,0.48,0.16,0.72,1.60,45.0,0.88,6.56,3.04,46.3,4.16,2.16,0.24,1.28,0.80,0.00,0.48,1.12,2.64,5.36,0.00,/en/players/1900032e/Jannik-Vestergaard
Rúben Vinagre,pt POR,DF,Wolves,21-281,1999,1.9,2.63,1.58,1.58,1.05,0.00,1.05,2.63,40.0,1.58,13.7,2.63,19.2,6.84,4.74,2.11,2.11,0.00,0.00,2.11,0.53,3.16,3.16,0.00,/en/players/b937e490/Ruben-Vinagre
Carlos Vinícius,br BRA,"FW,MF",Tottenham,25-296,1995,0.3,0.00,0.00,0.00,0.00,0.00,0.00,0.00,,0.00,30.0,13.3,44.4,0.00,20.0,10.0,0.00,0.00,0.00,0.00,0.00,0.00,0.00,0.00,/en/players/8b529245/Carlos-Vinicius
Vitinha,pt POR,MF,Wolves,20-337,2000,2.0,2.00,1.00,0.00,1.50,0.50,0.00,1.00,0.0,1.00,20.5,5.50,26.8,6.50,11.0,3.00,0.00,0.00,0.00,0.00,0.00,2.00,0.50,0.00,/en/players/3b029691/Vitinha
Matěj Vydra,cz CZE,FW,Burnley,28-259,1992,2.1,0.48,0.48,0.48,0.00,0.00,0.00,0.95,0.0,0.95,21.0,4.76,22.7,1.43,10.5,9.05,2.86,0.48,0.00,2.38,0.00,0.48,0.00,0.00,/en/players/0d4ceb32/Matej-Vydra
Theo Walcott,eng ENG,FW,Everton,31-305,1989,0.1,0.00,0.00,0.00,0.00,0.00,0.00,0.00,,0.00,50.0,10.0,20.0,30.0,20.0,0.00,0.00,0.00,0.00,0.00,0.00,0.00,0.00,0.00,/en/players/1ecb65be/Theo-Walcott
Theo Walcott,eng ENG,"MF,FW",Southampton,31-305,1989,11.2,1.88,1.25,0.80,0.80,0.27,0.80,2.77,29.0,1.96,18.4,5.45,29.6,5.18,7.59,5.63,1.34,0.09,0.00,1.25,0.54,2.41,0.27,0.00,/en/players/1ecb65be/Theo-Walcott
Kyle Walker,eng ENG,DF,Manchester City,30-232,1990,11.0,1.82,1.45,0.91,0.73,0.18,0.82,1.64,50.0,0.82,10.5,3.64,34.8,4.27,4.27,1.91,1.64,0.27,0.00,1.36,0.82,2.64,1.91,0.00,/en/players/86dd77d1/Kyle-Walker
Kyle Walker-Peters,eng ENG,DF,Southampton,23-277,1997,17.0,3.06,1.76,1.94,1.00,0.12,0.82,1.82,45.2,1.00,13.5,4.71,34.8,6.82,5.29,1.41,2.59,0.71,0.00,1.88,1.29,4.35,2.12,0.12,/en/players/984a5a64/Kyle-Walker-Peters
Aaron Wan-Bissaka,eng ENG,DF,Manchester Utd,23-050,1997,15.0,3.67,1.87,2.20,1.27,0.20,0.87,1.47,59.1,0.60,13.3,4.13,31.0,6.13,5.33,1.87,3.73,0.47,0.00,3.27,1.33,5.00,2.93,0.00,/en/players/9e525177/Aaron-Wan-Bissaka
Joel Ward,eng ENG,DF,Crystal Palace,31-078,1989,9.0,1.78,1.22,1.22,0.56,0.00,0.89,1.22,72.7,0.33,12.9,3.89,30.2,6.11,4.11,2.67,2.78,0.78,0.00,2.00,1.44,3.22,4.44,0.00,/en/players/8a7ff278/Joel-Ward
James Ward-Prowse,eng ENG,MF,Southampton,26-075,1994,17.0,2.18,1.65,1.00,1.00,0.18,0.65,1.94,33.3,1.29,13.9,4.65,33.5,4.12,7.76,2.00,1.88,0.12,0.00,1.76,1.00,3.18,1.94,0.00,/en/players/3515d404/James-Ward-Prowse
Ollie Watkins,eng ENG,FW,Aston Villa,25-016,1995,15.0,1.07,0.67,0.07,0.67,0.33,0.27,0.87,30.8,0.60,14.4,5.20,36.1,0.47,6.00,7.93,0.73,0.00,0.00,0.73,0.33,1.40,0.40,0.00,/en/players/aed3a70f/Ollie-Watkins
Adam Webster,eng ENG,DF,Brighton,26-011,1995,17.0,1.12,0.71,0.76,0.29,0.06,0.71,1.06,66.7,0.35,6.35,2.47,38.9,2.59,3.06,0.71,1.18,0.65,0.06,0.53,0.88,2.00,3.18,0.00,/en/players/c40b6180/Adam-Webster
Danny Welbeck,eng ENG,FW,Brighton,30-050,1990,6.9,1.01,0.58,0.14,0.43,0.43,0.29,1.01,28.6,0.72,13.2,2.75,20.9,2.03,5.80,5.36,1.16,0.29,0.00,0.87,0.29,1.30,1.01,0.00,/en/players/ce5143da/Danny-Welbeck
Timo Werner,de GER,FW,Chelsea,24-315,1996,15.1,0.99,0.60,0.46,0.33,0.20,0.26,1.66,16.0,1.39,11.4,3.71,32.6,3.05,3.97,4.37,0.93,0.00,0.00,0.93,0.20,1.19,0.07,0.00,/en/players/49fe9070/Timo-Werner
Ashley Westwood,eng ENG,MF,Burnley,30-289,1990,16.0,0.88,0.44,0.38,0.44,0.06,0.25,0.88,28.6,0.63,13.0,3.56,27.4,3.69,7.50,1.81,1.38,0.25,0.00,1.13,0.88,1.75,1.06,0.00,/en/players/495945ef/Ashley-Westwood
Ben White,eng ENG,"DF,MF",Brighton,23-099,1997,16.5,2.06,1.03,1.03,0.79,0.24,0.91,2.48,36.6,1.58,12.3,4.18,34.0,5.39,6.12,0.79,1.70,0.61,0.00,1.09,0.85,2.91,2.06,0.00,/en/players/35e413f1/Ben-White
Georginio Wijnaldum,nl NED,MF,Liverpool,30-065,1990,15.0,1.60,1.27,0.47,0.80,0.33,0.60,1.33,45.0,0.73,12.6,4.67,37.0,3.53,5.67,3.40,1.40,0.20,0.00,1.20,0.47,2.07,0.53,0.07,/en/players/eb58eef0/Georginio-Wijnaldum
Brandon Williams,eng ENG,DF,Manchester Utd,20-134,2000,0.1,10.0,10.0,0.00,10.0,0.00,0.00,0.00,,0.00,30.0,20.0,66.7,0.00,30.0,0.00,0.00,0.00,0.00,0.00,0.00,10.0,0.00,0.00,/en/players/5e74d6c8/Brandon-Williams
Neco Williams,wal WAL,DF,Liverpool,19-277,2001,1.9,1.05,1.05,1.05,0.00,0.00,1.05,2.11,50.0,1.05,13.2,4.21,32.0,6.32,3.16,3.68,2.11,0.00,0.00,2.11,2.11,3.16,0.53,0.00,/en/players/dd323728/Neco-Williams
Rhys Williams,eng ENG,DF,Liverpool,19-347,2001,1.3,0.77,0.77,0.00,0.77,0.00,0.00,0.00,,0.00,3.85,0.77,20.0,0.00,2.31,1.54,0.00,0.00,0.00,0.00,0.00,0.77,7.69,0.77,/en/players/012c975a/Rhys-Williams
Willian,br BRA,"FW,MF",Arsenal,32-159,1988,10.0,1.00,0.30,0.30,0.60,0.10,0.40,1.80,22.2,1.40,12.9,2.90,22.5,3.20,5.00,4.70,1.70,0.00,0.00,1.70,0.40,1.40,0.30,0.00,/en/players/8b9ebd03/Willian
Joe Willock,eng ENG,MF,Arsenal,21-148,1999,2.6,1.54,1.54,0.77,0.38,0.38,0.00,2.69,0.0,2.69,15.8,5.77,36.6,5.38,6.15,4.23,3.46,0.38,0.00,3.08,1.92,3.46,0.00,0.00,/en/players/a3b03921/Joe-Willock
Callum Wilson,eng ENG,FW,Newcastle Utd,28-323,1992,14.7,0.41,0.27,0.14,0.07,0.20,0.07,0.27,25.0,0.20,14.6,4.42,30.2,1.16,5.92,7.55,1.02,0.20,0.00,0.82,0.07,0.48,0.54,0.07,/en/players/c596fcb0/Callum-Wilson
Harry Winks,eng ENG,MF,Tottenham,24-348,1996,5.8,2.24,1.38,1.55,0.69,0.00,0.86,2.59,33.3,1.72,16.2,5.69,35.1,7.41,7.59,1.21,1.38,0.52,0.00,0.86,1.72,3.97,1.03,0.00,/en/players/2f7acede/Harry-Winks
Chris Wood,nz NZL,FW,Burnley,29-039,1991,15.2,0.53,0.39,0.00,0.20,0.33,0.20,0.46,42.9,0.26,9.21,2.11,22.9,0.46,3.36,5.39,0.72,0.07,0.00,0.66,0.07,0.59,0.39,0.00,/en/players/4e9a0555/Chris-Wood
Granit Xhaka,ch SUI,MF,Arsenal,28-110,1992,12.1,1.90,0.99,0.74,0.66,0.50,1.32,2.31,57.1,0.99,10.4,2.81,27.0,3.22,4.46,2.73,1.16,0.33,0.00,0.83,0.91,2.81,1.98,0.00,/en/players/e61b8aee/Granit-Xhaka
Andriy Yarmolenko,ua UKR,"FW,MF",West Ham,31-084,1989,2.7,1.85,1.11,1.11,0.37,0.37,0.37,1.48,25.0,1.11,14.8,5.56,37.5,7.41,4.44,2.96,1.85,0.00,0.00,1.85,1.11,2.96,0.37,0.00,/en/players/849c826a/Andriy-Yarmolenko
DeAndre Yedlin,us USA,DF,Newcastle Utd,27-190,1993,4.8,2.08,1.25,2.08,0.00,0.00,0.83,2.50,33.3,1.67,13.5,3.96,29.2,7.71,3.54,2.29,1.88,0.21,0.00,1.67,0.63,2.71,3.75,0.00,/en/players/ae0a7ddf/DeAndre-Yedlin
Wilfried Zaha,ci CIV,FW,Crystal Palace,28-066,1992,15.9,0.57,0.38,0.19,0.25,0.13,0.19,1.01,18.8,0.82,17.7,3.40,19.2,3.02,9.18,5.47,0.88,0.00,0.00,0.88,0.82,1.38,0.06,0.00,/en/players/b2bc3b1f/Wilfried-Zaha
Andre-Frank Zambo Anguissa,cm CMR,MF,Fulham,25-060,1995,14.3,3.64,2.10,0.98,1.96,0.70,0.98,2.24,43.8,1.26,18.6,4.97,26.7,6.01,9.02,3.57,1.89,0.21,0.00,1.68,2.31,5.94,0.91,0.07,/en/players/6bb2c084/Andre-Frank-Zambo-Anguissa
Andi Zeqiri,ch SUI,"FW,DF",Brighton,21-207,1999,0.7,1.43,1.43,0.00,1.43,0.00,0.00,0.00,,0.00,14.3,2.86,20.0,2.86,7.14,4.29,1.43,1.43,0.00,0.00,0.00,1.43,0.00,0.00,/en/players/d01231f0/Andi-Zeqiri
Oleksandr Zinchenko,ua UKR,DF,Manchester City,24-031,1996,2.1,1.90,0.95,0.48,0.95,0.48,0.95,1.90,50.0,0.95,8.57,3.81,44.4,3.81,3.81,0.95,1.43,0.00,0.00,1.43,2.38,4.29,1.43,0.00,/en/players/51cf8561/Oleksandr-Zinchenko
Hakim Ziyech,ma MAR,FW,Chelsea,27-302,1993,5.0,0.40,0.20,0.20,0.20,0.00,0.00,0.80,0.0,0.80,13.6,4.00,29.4,2.60,4.80,6.20,1.20,0.00,0.00,1.20,1.20,1.60,0.00,0.00,/en/players/6622454d/Hakim-Ziyech
Kurt Zouma,fr FRA,DF,Chelsea,26-080,1994,15.0,0.87,0.53,0.40,0.40,0.07,0.33,0.47,71.4,0.13,3.87,1.47,37.9,1.80,1.93,0.13,1.27,0.60,0.00,0.67,0.87,1.73,5.60,0.00,/en/players/ce4246f5/Kurt-Zouma
